MOD,C1,C2,C3,C4,C5,R1,R2,R3,R4,R5,N1,N2,N3,N4,N5,N6,I1,I2,I3,I4,I5,I6,MEAN_COG,MEAN_REG,MEAN_NORM,MEAN_INT,MOD_bin,MOD_label,Mahalanobis,Mahalanobis_sq,is_outlier,COG_mean,REG_mean,NORM_mean,INT_mean,COG_mean_z,REG_mean_z,NORM_mean_z,INT_mean_z
1,2,2,2,2,3,4,4,6,4,4,6,3,4,4,5,6,6,5,5,5,5,5,2.2,4.4,4.67,5.17,1,EduYes,2.559913787734667,6.553158600634051,False,2.2,4.4,4.666666666666667,5.166666666666667,-0.7461202187404299,0.3346219487035378,0.7036428844837177,1.0995716061101226
1,4,4,4,3,4,5,5,5,5,5,3,2,2,4,3,4,5,4,3,3,5,3,3.8,5.0,3.0,3.83,1,EduYes,3.3511868750831146,11.230453471729332,False,3.8,5.0,3.0,3.8333333333333335,0.6766853575678513,1.035887085220999,-1.369654010261443,-0.1347384716761566
1,2,2,5,2,3,5,5,5,5,5,6,5,4,6,5,5,6,2,5,2,6,5,2.8,5.0,5.17,4.33,1,EduYes,4.778704270554842,22.836014505419083,False,2.8,5.0,5.166666666666667,4.333333333333333,-0.21256812762482463,1.035887085220999,1.3256319529072658,0.32812780749369763
1,2,5,2,2,5,4,4,5,2,4,5,2,5,2,3,5,5,2,2,2,2,2,3.2,3.8,3.67,2.5,1,EduYes,6.321794575785871,39.96508665843566,False,3.2,3.8,3.6666666666666665,2.5,0.14313326645224606,-0.3666431878139243,-0.540335252363379,-1.3690485494624358
2,3,4,2,2,2,5,5,5,2,2,4,1,5,5,5,5,5,6,4,6,6,5,2.6,3.8,4.17,5.33,0,EduNo,5.15183956494737,26.541450902957102,False,2.6,3.8,4.166666666666667,5.333333333333333,-0.3904188246633596,-0.3666431878139243,0.08165381606016961,1.2538603658334069
1,3,1,2,3,3,5,5,5,6,4,4,3,1,6,4,6,6,4,4,3,5,5,2.4,5.0,4.0,4.5,1,EduYes,4.681255575662517,21.914153764671404,False,2.4,5.0,4.0,4.5,-0.5682695217018949,1.035887085220999,-0.12567587341434677,0.4824165672169828
2,3,3,2,2,2,2,2,5,5,2,6,6,5,5,5,5,4,6,5,4,5,5,2.4,3.2,5.33,4.83,0,EduNo,4.531904228551289,20.538155936761054,False,2.4,3.2,5.333333333333333,4.833333333333333,-0.5682695217018949,-1.0679083243313854,1.5329616423817811,0.7909940866635523
1,3,2,3,2,4,4,3,4,3,3,5,1,5,5,4,5,6,6,5,3,6,4,2.8,3.4,4.17,5.0,1,EduYes,3.4859114828127025,12.151578866005455,False,2.8,3.4,4.166666666666667,5.0,-0.21256812762482463,-0.8341532788255652,0.08165381606016961,0.9452828463868375
1,4,3,3,3,5,5,5,5,5,5,5,2,5,5,5,5,5,3,3,2,4,3,3.6,5.0,4.5,3.33,1,EduYes,2.542549040346831,6.464555622568591,False,3.6,5.0,4.5,3.3333333333333335,0.49883466052931635,1.035887085220999,0.4963131950092013,-0.5976047508460113
1,4,2,2,2,2,5,4,5,5,5,5,2,2,5,5,5,5,2,5,5,5,5,2.4,4.8,4.0,4.5,1,EduYes,4.102409233267576,16.829761517199056,False,2.4,4.8,4.0,4.5,-0.5682695217018949,0.8021320397151782,-0.12567587341434677,0.4824165672169828
1,1,1,4,1,4,6,5,4,4,4,5,6,6,5,5,6,6,1,1,4,4,3,2.2,4.6,5.5,3.17,1,EduYes,6.150313292225431,37.82635359252482,False,2.2,4.6,5.5,3.1666666666666665,-0.7461202187404299,0.5683769942093575,1.7402913318562974,-0.7518935105692964
1,2,2,2,2,2,4,3,5,4,4,5,4,2,4,4,4,5,2,2,3,4,4,2.0,4.0,3.83,3.33,1,EduYes,3.3117415371828773,10.967632009102408,False,2.0,4.0,3.8333333333333335,3.3333333333333335,-0.9239709157789653,-0.13288814230810359,-0.3330055628888626,-0.5976047508460113
2,6,2,4,2,4,3,4,4,4,4,4,4,3,4,4,5,5,5,5,5,5,5,3.6,3.8,4.0,5.0,0,EduNo,4.331955451001904,18.765838029465108,False,3.6,3.8,4.0,5.0,0.49883466052931635,-0.3666431878139243,-0.12567587341434677,0.9452828463868375
1,2,2,2,2,2,5,5,5,2,5,6,1,4,5,5,5,5,5,2,2,5,5,2.0,4.4,4.33,4.0,1,EduYes,4.796604303861435,23.007412847822042,False,2.0,4.4,4.333333333333333,4.0,-0.9239709157789653,0.3346219487035378,0.2889835055346849,0.019550288047128148
2,4,4,4,4,4,6,5,5,5,5,6,6,6,5,5,5,6,3,4,2,2,5,4.0,5.2,5.5,3.67,0,EduNo,4.157876748524765,17.28793905592287,False,4.0,5.2,5.5,3.6666666666666665,0.8545360546063867,1.2696421307268195,1.7402913318562974,-0.28902723139944175
1,2,3,2,2,5,6,6,6,6,6,6,6,2,5,5,5,5,6,2,5,5,5,2.8,6.0,4.83,4.67,1,EduYes,5.099499553499677,26.004895696143404,False,2.8,6.0,4.833333333333333,4.666666666666667,-0.21256812762482463,2.2046623127501013,0.910972573958233,0.6367053269402679
1,2,2,2,4,4,4,2,5,5,4,4,2,2,4,5,6,5,5,5,5,2,3,2.8,4.0,3.83,4.17,1,EduYes,5.329263343185938,28.401047781025365,False,2.8,4.0,3.8333333333333335,4.166666666666667,-0.21256812762482463,-0.13288814230810359,-0.3330055628888626,0.1738390477704133
1,3,2,2,2,2,4,3,4,4,4,4,2,3,3,4,4,5,4,3,3,4,4,2.2,3.8,3.33,3.83,1,EduYes,2.298149610117529,5.28149163048335,False,2.2,3.8,3.3333333333333335,3.8333333333333335,-0.7461202187404299,-0.3666431878139243,-0.9549946313124107,-0.1347384716761566
2,3,3,2,5,6,3,2,5,5,2,5,1,1,6,6,2,1,6,1,1,1,1,3.8,3.4,3.5,1.83,0,EduNo,7.731615754437693,59.777882174269145,True,3.8,3.4,3.5,1.8333333333333333,0.6766853575678513,-0.8341532788255652,-0.7476649418378949,-1.9862035883555753
1,3,1,2,1,1,2,4,4,4,4,4,4,2,5,3,5,5,6,5,5,5,5,1.6,3.6,3.83,5.17,1,EduYes,3.920577585864726,15.370928606784881,False,1.6,3.6,3.8333333333333335,5.166666666666667,-1.2796723098560356,-0.6003982333197445,-0.3330055628888626,1.0995716061101226
1,5,5,5,5,5,3,5,3,5,3,2,5,1,2,5,5,2,2,2,2,2,2,5.0,3.8,3.33,2.0,1,EduYes,4.994831394534747,24.94834065982992,False,5.0,3.8,3.3333333333333335,2.0,1.7437895397990626,-0.3666431878139243,-0.9549946313124107,-1.8319148286322906
2,4,5,5,5,5,5,5,5,5,5,5,5,4,5,5,5,4,6,5,2,6,5,4.8,5.0,4.83,4.67,0,EduNo,4.145383372835075,17.184203307777498,False,4.8,5.0,4.833333333333333,4.666666666666667,1.5659388427605274,1.035887085220999,0.910972573958233,0.6367053269402679
1,2,2,2,4,4,5,3,2,3,4,4,6,6,6,6,6,4,5,4,3,4,4,2.8,3.4,5.67,4.0,1,EduYes,4.88153545710622,23.829388418985232,False,2.8,3.4,5.666666666666667,4.0,-0.21256812762482463,-0.8341532788255652,1.9476210213308138,0.019550288047128148
2,2,1,4,3,4,4,2,4,4,5,5,4,2,3,5,4,4,5,4,3,3,5,2.8,3.8,3.83,4.0,0,EduNo,4.615627122723764,21.304013736023258,False,2.8,3.8,3.8333333333333335,4.0,-0.21256812762482463,-0.3666431878139243,-0.3330055628888626,0.019550288047128148
1,3,5,3,4,5,4,4,4,4,5,2,4,3,5,4,6,4,4,5,3,3,4,4.0,4.2,4.0,3.83,1,EduYes,4.790821726427334,22.951972814408176,False,4.0,4.2,4.0,3.8333333333333335,0.8545360546063867,0.1008669031977171,-0.12567587341434677,-0.1347384716761566
2,4,2,2,2,4,2,5,5,1,4,6,5,5,5,6,5,4,5,6,1,5,6,2.8,3.4,5.33,4.5,0,EduNo,6.215197299637717,38.62867747342397,False,2.8,3.4,5.333333333333333,4.5,-0.21256812762482463,-0.8341532788255652,1.5329616423817811,0.4824165672169828
1,1,1,1,1,1,5,2,1,4,2,1,2,1,2,1,5,6,6,6,6,6,6,1.0,2.8,2.0,6.0,1,EduYes,5.610742045572011,31.480426301949596,False,1.0,2.8,2.0,6.0,-1.8132244009716412,-1.5354184153430268,-2.613632147108539,1.8710154047265468
1,5,4,4,4,4,5,4,5,5,5,5,5,5,5,5,5,6,4,5,2,5,4,4.2,4.8,5.0,4.33,1,EduYes,2.8973146093933324,8.394431945804039,False,4.2,4.8,5.0,4.333333333333333,1.032386751644922,0.8021320397151782,1.1183022634327493,0.32812780749369763
1,2,3,4,3,3,5,5,4,4,4,5,6,5,4,5,6,6,5,4,4,6,4,3.0,4.4,5.17,4.83,1,EduYes,3.3207222497039983,11.027196259679183,False,3.0,4.4,5.166666666666667,4.833333333333333,-0.03471743058628929,0.3346219487035378,1.3256319529072658,0.7909940866635523
1,2,3,5,3,3,6,6,4,4,5,6,4,5,4,5,4,4,3,1,6,6,2,3.2,5.0,4.67,3.67,1,EduYes,5.525515164345153,30.53131783140824,False,3.2,5.0,4.666666666666667,3.6666666666666665,0.14313326645224606,1.035887085220999,0.7036428844837177,-0.28902723139944175
1,2,1,1,2,2,6,2,6,6,5,6,2,1,1,2,3,5,4,2,5,5,6,1.6,5.0,2.5,4.5,1,EduYes,5.679553916176912,32.2573326867605,False,1.6,5.0,2.5,4.5,-1.2796723098560356,1.035887085220999,-1.991643078684991,0.4824165672169828
1,2,2,2,2,2,6,5,5,4,4,5,1,4,4,5,3,6,6,3,6,6,6,2.0,4.8,3.67,5.5,1,EduYes,4.096525939614326,16.781524773933032,False,2.0,4.8,3.6666666666666665,5.5,-0.9239709157789653,0.8021320397151782,-0.540335252363379,1.408149125556692
1,1,2,2,2,1,3,3,4,3,2,2,1,4,2,2,4,5,4,4,4,5,5,1.6,3.0,2.5,4.5,1,EduYes,3.871687546825157,14.989964460241001,False,1.6,3.0,2.5,4.5,-1.2796723098560356,-1.301663369837206,-1.991643078684991,0.4824165672169828
1,5,1,2,1,1,3,1,4,1,3,5,3,1,4,3,4,6,6,5,4,6,5,2.0,2.4,3.33,5.33,1,EduYes,5.157959634164033,26.604547587665568,False,2.0,2.4,3.3333333333333335,5.333333333333333,-0.9239709157789653,-2.002928506354668,-0.9549946313124107,1.2538603658334069
1,2,2,2,2,3,3,3,3,3,2,2,2,3,5,2,5,4,5,2,5,2,4,2.2,2.8,3.17,3.67,1,EduYes,4.336965922866114,18.809273416101927,False,2.2,2.8,3.1666666666666665,3.6666666666666665,-0.7461202187404299,-1.5354184153430268,-1.1623243207869272,-0.28902723139944175
1,2,5,5,4,2,4,4,4,4,3,4,4,5,4,3,6,5,2,2,2,2,2,3.6,3.8,4.33,2.5,1,EduYes,4.9888117363846884,24.88824254108961,False,3.6,3.8,4.333333333333333,2.5,0.49883466052931635,-0.3666431878139243,0.2889835055346849,-1.3690485494624358
1,1,2,3,2,6,3,4,4,4,2,5,1,4,4,3,4,3,1,6,1,1,6,2.8,3.4,3.5,3.0,1,EduYes,6.656137869001232,44.30417133115226,False,2.8,3.4,3.5,3.0,-0.21256812762482463,-0.8341532788255652,-0.7476649418378949,-0.9061822702925811
1,2,2,2,2,5,5,2,4,2,4,2,4,6,2,4,5,5,3,2,5,3,4,2.6,3.4,3.83,3.67,1,EduYes,5.468482758200858,29.904303676740067,False,2.6,3.4,3.8333333333333335,3.6666666666666665,-0.3904188246633596,-0.8341532788255652,-0.3330055628888626,-0.28902723139944175
1,4,4,4,5,6,5,5,5,5,4,6,4,5,4,5,4,5,4,2,5,2,5,4.6,4.8,4.67,3.83,1,EduYes,4.120873837533742,16.981601184870073,False,4.6,4.8,4.666666666666667,3.8333333333333335,1.388088145721992,0.8021320397151782,0.7036428844837177,-0.1347384716761566
1,2,2,2,1,3,5,4,4,4,5,4,4,1,4,3,4,4,5,6,2,4,4,2.0,4.4,3.33,4.17,1,EduYes,4.013893490351132,16.11134095188319,False,2.0,4.4,3.3333333333333335,4.166666666666667,-0.9239709157789653,0.3346219487035378,-0.9549946313124107,0.1738390477704133
1,4,2,2,3,3,2,4,3,2,2,4,2,2,5,5,5,6,5,5,4,5,4,2.8,2.6,3.83,4.83,1,EduYes,4.0479007813865024,16.385500735949456,False,2.8,2.6,3.8333333333333335,4.833333333333333,-0.21256812762482463,-1.769173460848847,-0.3330055628888626,0.7909940866635523
1,5,2,3,4,4,4,3,3,5,5,4,6,1,2,5,4,4,3,3,4,2,5,3.6,4.0,3.67,3.5,1,EduYes,5.316191284660847,28.261889775103946,False,3.6,4.0,3.6666666666666665,3.5,0.49883466052931635,-0.13288814230810359,-0.540335252363379,-0.4433159911227265
2,2,3,2,5,3,4,2,2,2,4,3,4,5,2,2,2,2,4,5,5,4,3,3.0,2.8,3.0,3.83,0,EduNo,5.885980943722212,34.64477166986102,False,3.0,2.8,3.0,3.8333333333333335,-0.03471743058628929,-1.5354184153430268,-1.369654010261443,-0.1347384716761566
1,6,6,6,6,6,6,6,6,6,6,6,2,2,2,6,6,5,1,1,6,4,6,6.0,6.0,4.0,3.83,1,EduYes,6.380723198764339,40.71362853924942,False,6.0,6.0,4.0,3.8333333333333335,2.6330430249917387,2.2046623127501013,-0.12567587341434677,-0.1347384716761566
2,1,1,1,1,1,1,1,3,3,3,2,5,5,5,5,2,3,3,5,2,4,2,1.0,2.2,4.0,3.17,0,EduNo,6.0366852493281264,36.44156879945579,False,1.0,2.2,4.0,3.1666666666666665,-1.8132244009716412,-2.2366835518604877,-0.12567587341434677,-0.7518935105692964
1,2,2,2,2,2,6,6,6,6,6,6,3,6,3,5,5,6,6,5,6,6,6,2.0,6.0,4.67,5.83,1,EduYes,3.94269960060746,15.544880140630225,False,2.0,6.0,4.666666666666667,5.833333333333333,-0.9239709157789653,2.2046623127501013,0.7036428844837177,1.7167266450032617
1,4,2,2,2,2,5,3,4,2,4,5,2,4,3,3,3,5,5,2,2,5,4,2.4,3.6,3.33,3.83,1,EduYes,4.303520427624574,18.520288070981994,False,2.4,3.6,3.3333333333333335,3.8333333333333335,-0.5682695217018949,-0.6003982333197445,-0.9549946313124107,-0.1347384716761566
1,3,5,5,4,2,3,4,2,2,5,2,1,2,6,1,2,3,4,3,3,2,1,3.8,3.2,2.33,2.67,1,EduYes,6.555005688567994,42.96809957715876,False,3.8,3.2,2.3333333333333335,2.6666666666666665,0.6766853575678513,-1.0679083243313854,-2.1989727681595066,-1.214759789739151
1,4,3,3,5,6,5,4,5,4,3,4,6,5,5,5,5,5,6,4,6,6,4,4.2,4.2,5.0,5.17,1,EduYes,4.517790295207992,20.410429151475515,False,4.2,4.2,5.0,5.166666666666667,1.032386751644922,0.1008669031977171,1.1183022634327493,1.0995716061101226
1,2,2,3,2,2,6,2,6,6,4,6,2,2,5,2,5,5,5,5,5,5,5,2.2,4.8,3.67,5.0,1,EduYes,5.206765501892951,27.110406991702554,False,2.2,4.8,3.6666666666666665,5.0,-0.7461202187404299,0.8021320397151782,-0.540335252363379,0.9452828463868375
1,2,2,2,3,4,5,6,4,4,5,6,2,3,4,6,5,5,5,3,6,5,5,2.6,4.8,4.33,4.83,1,EduYes,3.7880876113739776,14.349607751445008,False,2.6,4.8,4.333333333333333,4.833333333333333,-0.3904188246633596,0.8021320397151782,0.2889835055346849,0.7909940866635523
2,2,1,1,1,1,4,4,4,3,3,4,1,3,3,4,5,6,5,5,6,6,5,1.2,3.6,3.33,5.5,0,EduNo,2.9849789313333326,8.910099220503884,False,1.2,3.6,3.3333333333333335,5.5,-1.635373703933106,-0.6003982333197445,-0.9549946313124107,1.408149125556692
1,2,2,2,2,2,4,5,5,5,5,5,5,4,6,5,5,5,5,5,5,5,6,2.0,4.8,5.0,5.17,1,EduYes,3.082723530413198,9.50318436496321,False,2.0,4.8,5.0,5.166666666666667,-0.9239709157789653,0.8021320397151782,1.1183022634327493,1.0995716061101226
1,2,1,1,2,1,5,4,4,4,5,6,2,1,4,4,6,6,5,3,4,6,5,1.4,4.4,3.83,4.83,1,EduYes,3.954447667069547,15.637656351591785,False,1.4,4.4,3.8333333333333335,4.833333333333333,-1.457523006894571,0.3346219487035378,-0.3330055628888626,0.7909940866635523
2,1,1,3,2,2,4,1,3,1,2,3,1,2,4,2,4,6,4,4,5,6,4,1.8,2.2,2.67,4.83,0,EduNo,4.379973147467382,19.184164772535325,False,1.8,2.2,2.6666666666666665,4.833333333333333,-1.1018216128175005,-2.2366835518604877,-1.7843133892104752,0.7909940866635523
1,2,2,2,2,2,4,4,5,3,2,4,2,5,3,4,5,5,5,5,5,4,5,2.0,3.6,3.83,4.83,1,EduYes,3.236640713505668,10.47584310832248,False,2.0,3.6,3.8333333333333335,4.833333333333333,-0.9239709157789653,-0.6003982333197445,-0.3330055628888626,0.7909940866635523
1,2,2,2,4,3,2,4,4,5,5,6,1,4,6,6,5,4,4,1,5,4,5,2.6,4.0,4.67,3.83,1,EduYes,5.412706274746178,29.297389216676645,False,2.6,4.0,4.666666666666667,3.8333333333333335,-0.3904188246633596,-0.13288814230810359,0.7036428844837177,-0.1347384716761566
2,5,4,4,4,4,1,6,5,5,4,5,4,5,4,5,5,5,5,4,4,4,5,4.2,4.2,4.67,4.5,0,EduNo,4.609794942139943,21.250209408579,False,4.2,4.2,4.666666666666667,4.5,1.032386751644922,0.1008669031977171,0.7036428844837177,0.4824165672169828
1,2,2,2,2,3,4,2,4,4,4,3,5,1,4,5,4,4,4,1,3,4,4,2.2,3.6,3.67,3.33,1,EduYes,4.461390817253082,19.904008024270123,False,2.2,3.6,3.6666666666666665,3.3333333333333335,-0.7461202187404299,-0.6003982333197445,-0.540335252363379,-0.5976047508460113
2,1,4,3,4,6,2,6,5,5,4,5,2,1,3,5,5,6,4,5,1,6,1,3.6,4.4,3.5,3.83,0,EduNo,6.461905918897206,41.75622810467875,False,3.6,4.4,3.5,3.8333333333333335,0.49883466052931635,0.3346219487035378,-0.7476649418378949,-0.1347384716761566
2,2,2,2,2,4,2,5,5,5,5,4,2,5,3,2,5,5,4,2,2,5,2,2.4,4.4,3.5,3.33,0,EduNo,4.984986682700004,24.850092226696393,False,2.4,4.4,3.5,3.3333333333333335,-0.5682695217018949,0.3346219487035378,-0.7476649418378949,-0.5976047508460113
1,2,3,4,1,1,3,3,4,5,5,2,5,5,4,3,5,5,5,6,1,2,5,2.2,4.0,4.0,4.0,1,EduYes,5.956310736721384,35.47763759238243,False,2.2,4.0,4.0,4.0,-0.7461202187404299,-0.13288814230810359,-0.12567587341434677,0.019550288047128148
2,4,4,5,4,6,2,1,5,5,4,5,6,6,5,5,6,5,1,5,2,5,2,4.6,3.4,5.5,3.33,0,EduNo,6.182125219516407,38.21867222978078,False,4.6,3.4,5.5,3.3333333333333335,1.388088145721992,-0.8341532788255652,1.7402913318562974,-0.5976047508460113
1,2,1,1,1,4,3,3,4,3,5,3,2,3,5,5,6,5,4,5,4,5,5,1.8,3.6,4.0,4.67,1,EduYes,4.189147018765327,17.54895274483043,False,1.8,3.6,4.0,4.666666666666667,-1.1018216128175005,-0.6003982333197445,-0.12567587341434677,0.6367053269402679
1,4,2,4,4,4,4,5,5,5,4,5,3,3,5,5,5,5,3,2,5,5,2,3.6,4.6,4.33,3.67,1,EduYes,3.991917135641052,15.935402417824662,False,3.6,4.6,4.333333333333333,3.6666666666666665,0.49883466052931635,0.5683769942093575,0.2889835055346849,-0.28902723139944175
2,5,3,4,2,5,4,4,4,5,3,4,1,5,4,6,3,6,5,6,5,6,4,3.8,4.0,3.83,5.33,0,EduNo,5.327693637111138,28.384319490914507,False,3.8,4.0,3.8333333333333335,5.333333333333333,0.6766853575678513,-0.13288814230810359,-0.3330055628888626,1.2538603658334069
1,2,2,4,2,5,6,5,5,5,4,5,2,2,5,4,5,5,5,5,5,5,5,3.0,5.0,3.83,5.0,1,EduYes,4.12602412786273,17.024075103705403,False,3.0,5.0,3.8333333333333335,5.0,-0.03471743058628929,1.035887085220999,-0.3330055628888626,0.9452828463868375
1,3,5,4,5,5,5,5,5,5,4,5,5,4,5,4,5,5,4,3,2,5,6,4.4,4.8,4.67,4.17,1,EduYes,4.0872428401442065,16.70555403431008,False,4.4,4.8,4.666666666666667,4.166666666666667,1.2102374486834575,0.8021320397151782,0.7036428844837177,0.1738390477704133
1,1,1,2,2,3,4,5,4,5,5,3,2,5,6,4,4,5,3,3,3,4,2,1.8,4.6,4.0,3.33,1,EduYes,4.32646019210903,18.718257793904105,False,1.8,4.6,4.0,3.3333333333333335,-1.1018216128175005,0.5683769942093575,-0.12567587341434677,-0.5976047508460113
1,5,1,1,1,6,6,4,4,4,4,4,5,4,4,4,5,1,3,3,3,3,4,2.8,4.4,4.33,2.83,1,EduYes,5.866771049565632,34.419002548021425,False,2.8,4.4,4.333333333333333,2.8333333333333335,-0.21256812762482463,0.3346219487035378,0.2889835055346849,-1.060471030015866
1,2,3,5,5,6,4,4,4,4,4,5,5,4,6,4,5,6,4,6,1,2,3,4.2,4.0,4.83,3.67,1,EduYes,5.4659479771689865,29.876587289117737,False,4.2,4.0,4.833333333333333,3.6666666666666665,1.032386751644922,-0.13288814230810359,0.910972573958233,-0.28902723139944175
1,3,3,5,3,1,1,4,4,4,2,6,3,4,4,4,4,4,6,3,2,2,6,3.0,3.0,4.17,3.83,1,EduYes,6.535478767885542,42.71248272548272,False,3.0,3.0,4.166666666666667,3.8333333333333335,-0.03471743058628929,-1.301663369837206,0.08165381606016961,-0.1347384716761566
1,3,1,1,1,1,6,4,6,4,3,3,6,6,4,2,6,6,6,3,4,6,4,1.4,4.6,4.5,4.83,1,EduYes,5.579943270293026,31.135766899688434,False,1.4,4.6,4.5,4.833333333333333,-1.457523006894571,0.5683769942093575,0.4963131950092013,0.7909940866635523
1,2,2,2,2,2,4,4,3,2,2,4,2,5,5,5,5,5,5,6,5,3,4,2.0,3.0,4.33,4.67,1,EduYes,4.17536222545088,17.433649713722126,False,2.0,3.0,4.333333333333333,4.666666666666667,-0.9239709157789653,-1.301663369837206,0.2889835055346849,0.6367053269402679
1,3,2,2,2,5,5,4,5,4,2,4,2,2,2,5,3,5,5,3,5,5,6,2.8,4.0,3.0,4.83,1,EduYes,4.611831383409433,21.268988709000162,False,2.8,4.0,3.0,4.833333333333333,-0.21256812762482463,-0.13288814230810359,-1.369654010261443,0.7909940866635523
2,1,1,1,1,1,1,1,1,1,1,1,1,1,1,1,1,3,6,1,5,5,2,1.0,1.0,1.0,3.67,0,EduNo,6.210430559085046,38.5694477292174,False,1.0,1.0,1.0,3.6666666666666665,-1.8132244009716412,-3.639213824895411,-3.857610283955635,-0.28902723139944175
1,1,1,1,1,1,3,2,4,3,3,4,2,4,3,3,4,5,5,5,6,5,6,1.0,3.0,3.33,5.33,1,EduYes,2.8388656855587473,8.059158380642936,False,1.0,3.0,3.3333333333333335,5.333333333333333,-1.8132244009716412,-1.301663369837206,-0.9549946313124107,1.2538603658334069
2,5,2,2,2,2,5,5,5,4,4,5,4,4,4,3,5,4,3,3,3,3,3,2.6,4.6,4.17,3.17,0,EduNo,3.296669468118862,10.8680295820271,False,2.6,4.6,4.166666666666667,3.1666666666666665,-0.3904188246633596,0.5683769942093575,0.08165381606016961,-0.7518935105692964
1,6,2,2,2,1,4,2,6,4,5,6,2,4,5,5,6,2,3,1,1,1,2,2.6,4.2,4.67,1.67,1,EduYes,6.182761179667299,38.22653580480097,False,2.6,4.2,4.666666666666667,1.6666666666666667,-0.3904188246633596,0.1008669031977171,0.7036428844837177,-2.1404923480788605
2,2,2,2,3,2,5,2,5,2,3,5,5,5,4,4,5,5,4,5,5,6,3,2.2,3.4,4.67,4.67,0,EduNo,4.213523285184206,17.753778474789506,False,2.2,3.4,4.666666666666667,4.666666666666667,-0.7461202187404299,-0.8341532788255652,0.7036428844837177,0.6367053269402679
1,2,2,2,2,3,4,4,6,3,6,6,3,6,6,6,6,6,4,4,6,6,6,2.2,4.6,5.5,5.33,1,EduYes,4.414879045051668,19.49115698243633,False,2.2,4.6,5.5,5.333333333333333,-0.7461202187404299,0.5683769942093575,1.7402913318562974,1.2538603658334069
1,2,2,1,3,4,6,1,5,1,1,6,1,6,4,2,6,6,2,3,4,5,6,2.4,2.8,4.17,4.33,1,EduYes,7.1172513714823324,50.65526708486714,True,2.4,2.8,4.166666666666667,4.333333333333333,-0.5682695217018949,-1.5354184153430268,0.08165381606016961,0.32812780749369763
2,6,2,1,2,3,5,4,6,6,5,6,5,5,6,6,6,6,6,4,4,6,6,2.8,5.2,5.67,5.33,0,EduNo,4.579813898820687,20.97469534783114,False,2.8,5.2,5.666666666666667,5.333333333333333,-0.21256812762482463,1.2696421307268195,1.9476210213308138,1.2538603658334069
2,4,4,3,3,3,3,4,4,4,3,4,3,3,4,5,5,4,4,2,5,5,2,3.4,3.6,4.0,3.67,0,EduNo,3.3365851280909364,11.13280031699761,False,3.4,3.6,4.0,3.6666666666666665,0.320983963490781,-0.6003982333197445,-0.12567587341434677,-0.28902723139944175
1,1,1,1,1,1,2,2,4,2,5,5,2,2,2,2,5,1,5,5,5,5,6,1.0,3.0,3.0,4.5,1,EduYes,5.86664679483335,34.41754461532842,False,1.0,3.0,3.0,4.5,-1.8132244009716412,-1.301663369837206,-1.369654010261443,0.4824165672169828
1,2,2,2,2,2,2,3,5,2,5,5,2,3,5,5,4,5,2,5,3,5,5,2.0,3.4,4.0,4.17,1,EduYes,4.576018683125803,20.93994698831641,False,2.0,3.4,4.0,4.166666666666667,-0.9239709157789653,-0.8341532788255652,-0.12567587341434677,0.1738390477704133
2,4,4,3,2,2,2,5,3,5,5,5,5,5,5,5,5,6,5,3,5,5,5,3.0,4.0,5.0,4.83,0,EduNo,4.407436641446841,19.425497748368212,False,3.0,4.0,5.0,4.833333333333333,-0.03471743058628929,-0.13288814230810359,1.1183022634327493,0.7909940866635523
1,3,2,2,4,5,6,4,5,5,2,4,1,4,3,4,5,5,4,5,2,5,3,3.2,4.4,3.5,4.0,1,EduYes,4.96912415909203,24.692194908472075,False,3.2,4.4,3.5,4.0,0.14313326645224606,0.3346219487035378,-0.7476649418378949,0.019550288047128148
1,3,3,3,4,4,5,3,2,4,3,2,2,2,4,4,6,5,4,2,3,5,3,3.4,3.4,3.33,3.67,1,EduYes,4.108608459405646,16.880663472699638,False,3.4,3.4,3.3333333333333335,3.6666666666666665,0.320983963490781,-0.8341532788255652,-0.9549946313124107,-0.28902723139944175
1,6,5,5,5,6,5,6,4,5,6,6,2,6,6,6,6,6,6,3,3,5,4,5.4,5.2,5.33,4.5,1,EduYes,4.6752474232862555,21.857938468944774,False,5.4,5.2,5.333333333333333,4.5,2.099490933876133,1.2696421307268195,1.5329616423817811,0.4824165672169828
2,2,4,4,5,4,5,2,4,4,5,5,4,2,2,6,4,4,6,4,5,3,4,3.8,4.0,3.83,4.33,0,EduNo,5.421506278423926,29.392730326990044,False,3.8,4.0,3.8333333333333335,4.333333333333333,0.6766853575678513,-0.13288814230810359,-0.3330055628888626,0.32812780749369763
1,2,2,2,2,4,5,4,4,5,4,5,3,2,4,3,4,4,5,2,4,4,4,2.4,4.4,3.5,3.83,1,EduYes,3.195250039533308,10.209622815137605,False,2.4,4.4,3.5,3.8333333333333335,-0.5682695217018949,0.3346219487035378,-0.7476649418378949,-0.1347384716761566
1,4,3,2,3,2,3,5,3,3,4,5,5,3,3,3,3,5,3,2,3,3,5,2.8,3.6,3.67,3.5,1,EduYes,4.6283554969485365,21.421674606133735,False,2.8,3.6,3.6666666666666665,3.5,-0.21256812762482463,-0.6003982333197445,-0.540335252363379,-0.4433159911227265
1,2,2,2,2,4,5,5,3,4,3,3,5,5,6,5,5,6,5,4,5,5,6,2.4,4.0,4.83,5.17,1,EduYes,3.913366868610697,15.314440248339892,False,2.4,4.0,4.833333333333333,5.166666666666667,-0.5682695217018949,-0.13288814230810359,0.910972573958233,1.0995716061101226
2,2,2,2,4,5,4,2,5,2,2,4,4,5,5,5,5,4,2,1,2,4,3,3.0,3.0,4.67,2.67,0,EduNo,4.565850888701913,20.84699433786005,False,3.0,3.0,4.666666666666667,2.6666666666666665,-0.03471743058628929,-1.301663369837206,0.7036428844837177,-1.214759789739151
2,2,2,2,2,1,5,5,5,4,4,6,3,6,5,5,5,5,5,5,4,5,5,1.8,4.6,5.0,4.83,0,EduNo,3.14209040542241,9.872732115847564,False,1.8,4.6,5.0,4.833333333333333,-1.1018216128175005,0.5683769942093575,1.1183022634327493,0.7909940866635523
2,4,5,4,4,2,4,4,4,4,4,4,4,3,4,4,5,4,6,3,5,5,5,3.8,4.0,4.0,4.67,0,EduNo,3.4777884954583302,12.095012819142317,False,3.8,4.0,4.0,4.666666666666667,0.6766853575678513,-0.13288814230810359,-0.12567587341434677,0.6367053269402679
2,4,1,1,2,4,5,4,2,2,5,3,1,2,5,3,5,5,6,3,5,5,5,2.4,3.6,3.17,4.83,0,EduNo,4.938251351068439,24.386326406329268,False,2.4,3.6,3.1666666666666665,4.833333333333333,-0.5682695217018949,-0.6003982333197445,-1.1623243207869272,0.7909940866635523
1,4,1,2,2,2,5,4,5,4,6,6,1,6,1,3,2,5,4,6,4,6,6,2.2,4.8,3.17,5.17,1,EduYes,6.210360682771274,38.56857981011128,False,2.2,4.8,3.1666666666666665,5.166666666666667,-0.7461202187404299,0.8021320397151782,-1.1623243207869272,1.0995716061101226
1,4,3,3,4,5,5,6,5,5,4,5,5,4,5,3,5,4,5,3,3,4,2,3.8,5.0,4.5,3.5,1,EduYes,3.438178862871734,11.821073893097969,False,3.8,5.0,4.5,3.5,0.6766853575678513,1.035887085220999,0.4963131950092013,-0.4433159911227265
2,5,4,5,2,6,4,4,4,2,4,2,2,4,5,5,5,4,1,2,1,2,1,4.4,3.6,3.83,1.83,0,EduNo,5.387656584324863,29.02684347061905,False,4.4,3.6,3.8333333333333335,1.8333333333333333,1.2102374486834575,-0.6003982333197445,-0.3330055628888626,-1.9862035883555753
1,4,4,3,5,2,4,4,4,5,4,4,2,5,4,5,6,4,5,4,3,5,4,3.6,4.2,4.33,4.17,1,EduYes,4.369145554271525,19.089432874410633,False,3.6,4.2,4.333333333333333,4.166666666666667,0.49883466052931635,0.1008669031977171,0.2889835055346849,0.1738390477704133
1,4,3,2,2,2,4,4,4,4,4,5,5,6,5,4,5,6,5,5,5,6,5,2.6,4.0,5.0,5.33,1,EduYes,2.9477970178281403,8.689507258316477,False,2.6,4.0,5.0,5.333333333333333,-0.3904188246633596,-0.13288814230810359,1.1183022634327493,1.2538603658334069
1,4,4,4,4,6,5,4,5,4,4,5,3,4,4,4,5,4,2,2,3,4,3,4.4,4.4,4.17,3.0,1,EduYes,2.5705220950037146,6.6075838409022865,False,4.4,4.4,4.166666666666667,3.0,1.2102374486834575,0.3346219487035378,0.08165381606016961,-0.9061822702925811
1,2,2,4,3,3,4,3,3,2,3,4,2,2,3,3,4,5,5,4,3,5,4,2.8,3.0,3.0,4.33,1,EduYes,2.9829981648097674,8.89827805125844,False,2.8,3.0,3.0,4.333333333333333,-0.21256812762482463,-1.301663369837206,-1.369654010261443,0.32812780749369763
2,2,2,2,1,3,5,4,6,5,4,6,5,5,6,4,5,6,5,6,5,6,4,2.0,4.8,5.17,5.33,0,EduNo,3.6883312098071177,13.603787113237237,False,2.0,4.8,5.166666666666667,5.333333333333333,-0.9239709157789653,0.8021320397151782,1.3256319529072658,1.2538603658334069
1,3,5,3,4,2,4,3,1,6,2,5,6,2,3,6,3,5,2,2,6,4,6,3.4,3.2,4.17,4.17,1,EduYes,7.394577475879623,54.67977604678625,True,3.4,3.2,4.166666666666667,4.166666666666667,0.320983963490781,-1.0679083243313854,0.08165381606016961,0.1738390477704133
1,4,4,4,4,4,5,4,4,3,5,4,4,4,4,4,4,4,5,5,4,1,6,4.0,4.2,4.0,4.17,1,EduYes,4.09337409088329,16.755711447914603,False,4.0,4.2,4.0,4.166666666666667,0.8545360546063867,0.1008669031977171,-0.12567587341434677,0.1738390477704133
1,4,4,3,4,4,2,2,4,2,2,3,3,4,5,2,5,5,3,2,2,5,2,3.8,2.4,3.67,3.17,1,EduYes,4.51669734982893,20.40055494995168,False,3.8,2.4,3.6666666666666665,3.1666666666666665,0.6766853575678513,-2.002928506354668,-0.540335252363379,-0.7518935105692964
1,3,2,2,5,5,3,5,5,4,4,5,1,1,6,6,5,5,2,2,2,6,1,3.4,4.2,4.0,3.0,1,EduYes,5.747961981447656,33.03906694016766,False,3.4,4.2,4.0,3.0,0.320983963490781,0.1008669031977171,-0.12567587341434677,-0.9061822702925811
1,5,5,2,2,3,3,3,3,3,3,3,3,3,3,3,3,5,5,4,4,4,5,3.4,3.0,3.0,4.5,1,EduYes,4.379083769520733,19.17637466047991,False,3.4,3.0,3.0,4.5,0.320983963490781,-1.301663369837206,-1.369654010261443,0.4824165672169828
2,2,2,2,2,2,4,4,6,4,4,5,2,2,3,4,6,6,5,3,3,6,2,2.0,4.4,3.67,4.17,0,EduNo,3.6881505521601285,13.60245449539906,False,2.0,4.4,3.6666666666666665,4.166666666666667,-0.9239709157789653,0.3346219487035378,-0.540335252363379,0.1738390477704133
1,4,3,3,3,6,4,4,4,4,4,3,1,4,4,6,6,4,1,1,4,3,6,3.8,4.0,4.0,3.17,1,EduYes,5.18289989418767,26.862451313170556,False,3.8,4.0,4.0,3.1666666666666665,0.6766853575678513,-0.13288814230810359,-0.12567587341434677,-0.7518935105692964
1,2,2,2,2,2,4,3,4,2,3,5,2,4,4,3,4,5,5,5,5,4,5,2.0,3.2,3.67,4.83,1,EduYes,2.7360731410371897,7.486096233105113,False,2.0,3.2,3.6666666666666665,4.833333333333333,-0.9239709157789653,-1.0679083243313854,-0.540335252363379,0.7909940866635523
1,2,1,2,2,1,5,4,5,5,4,5,6,5,5,4,5,6,6,4,5,6,2,1.6,4.6,5.0,4.83,1,EduYes,4.412132408162278,19.466912387155862,False,1.6,4.6,5.0,4.833333333333333,-1.2796723098560356,0.5683769942093575,1.1183022634327493,0.7909940866635523
2,4,4,6,6,6,4,5,4,4,3,4,4,4,4,4,4,4,3,2,3,4,4,5.2,4.0,4.0,3.33,0,EduNo,4.012591287847671,16.10088884331103,False,5.2,4.0,4.0,3.3333333333333335,1.921640236837598,-0.13288814230810359,-0.12567587341434677,-0.5976047508460113
2,4,2,2,2,3,2,2,6,3,3,6,4,5,6,5,6,6,6,6,4,6,6,2.6,3.2,5.33,5.67,0,EduNo,4.305297672471569,18.535588048589105,False,2.6,3.2,5.333333333333333,5.666666666666667,-0.3904188246633596,-1.0679083243313854,1.5329616423817811,1.5624378852799774
2,2,3,3,2,1,3,4,5,4,4,5,5,4,4,4,6,6,6,4,6,6,6,2.2,4.0,4.67,5.67,0,EduNo,3.6394929129054026,13.245908663088652,False,2.2,4.0,4.666666666666667,5.666666666666667,-0.7461202187404299,-0.13288814230810359,0.7036428844837177,1.5624378852799774
2,2,2,2,4,5,5,6,5,6,5,4,2,5,3,3,5,6,5,6,5,6,4,3.0,5.4,3.67,5.33,0,EduNo,4.880301858925953,23.817346234236112,False,3.0,5.4,3.6666666666666665,5.333333333333333,-0.03471743058628929,1.5033971762326404,-0.540335252363379,1.2538603658334069
2,1,1,1,1,1,6,6,6,5,5,6,3,2,2,5,5,3,6,4,3,6,4,1.0,5.6,3.83,4.33,0,EduNo,5.0112058681709355,25.11218425319082,False,1.0,5.6,3.8333333333333335,4.333333333333333,-1.8132244009716412,1.7371522217384598,-0.3330055628888626,0.32812780749369763
2,3,3,3,2,2,5,4,5,5,4,5,5,5,5,4,6,3,3,3,5,3,5,2.6,4.6,5.0,3.67,0,EduNo,3.562145303605081,12.688879163995736,False,2.6,4.6,5.0,3.6666666666666665,-0.3904188246633596,0.5683769942093575,1.1183022634327493,-0.28902723139944175
1,2,2,2,2,2,3,4,4,4,4,4,2,5,5,5,5,4,3,4,5,5,4,2.0,3.8,4.33,4.17,1,EduYes,3.1612471645671576,9.993483635483894,False,2.0,3.8,4.333333333333333,4.166666666666667,-0.9239709157789653,-0.3666431878139243,0.2889835055346849,0.1738390477704133
2,4,4,4,3,4,5,5,5,5,5,5,4,6,5,5,5,2,5,2,5,5,2,3.8,5.0,5.0,3.5,0,EduNo,4.3847308868919,19.225864950463826,False,3.8,5.0,5.0,3.5,0.6766853575678513,1.035887085220999,1.1183022634327493,-0.4433159911227265
1,4,2,2,1,2,3,2,4,4,2,4,4,1,3,6,6,6,3,3,3,5,6,2.2,3.0,4.0,4.33,1,EduYes,5.219146260076835,27.239487684074014,False,2.2,3.0,4.0,4.333333333333333,-0.7461202187404299,-1.301663369837206,-0.12567587341434677,0.32812780749369763
1,1,1,2,2,2,4,4,4,4,4,5,3,2,2,4,5,4,4,4,4,4,2,1.6,4.0,3.5,3.67,1,EduYes,3.467256446596734,12.02186726646661,False,1.6,4.0,3.5,3.6666666666666665,-1.2796723098560356,-0.13288814230810359,-0.7476649418378949,-0.28902723139944175
1,1,1,1,1,1,6,6,4,6,4,6,5,4,3,3,4,5,6,5,4,5,5,1.0,5.2,4.17,5.0,1,EduYes,4.622246679191147,21.36516436329359,False,1.0,5.2,4.166666666666667,5.0,-1.8132244009716412,1.2696421307268195,0.08165381606016961,0.9452828463868375
1,1,1,1,1,5,1,1,4,1,3,6,1,1,1,1,6,6,6,6,3,6,6,1.8,2.0,2.67,5.5,1,EduYes,6.787463546778018,46.06966139884044,False,1.8,2.0,2.6666666666666665,5.5,-1.1018216128175005,-2.4704385973663086,-1.7843133892104752,1.408149125556692
2,3,3,3,3,3,6,6,5,5,5,5,3,2,5,3,3,5,5,5,5,5,5,3.0,5.4,3.5,5.0,0,EduNo,4.000808870960917,16.006471621959566,False,3.0,5.4,3.5,5.0,-0.03471743058628929,1.5033971762326404,-0.7476649418378949,0.9452828463868375
1,6,1,1,3,4,4,4,6,6,4,6,4,6,6,6,4,6,5,6,5,4,4,3.0,4.8,5.33,5.0,1,EduYes,5.717656753423889,32.691598749973814,False,3.0,4.8,5.333333333333333,5.0,-0.03471743058628929,0.8021320397151782,1.5329616423817811,0.9452828463868375
1,3,2,6,2,4,4,3,3,2,5,5,3,1,5,5,6,1,4,6,2,2,3,3.4,3.4,4.17,3.0,1,EduYes,6.984649789335126,48.78533267965923,True,3.4,3.4,4.166666666666667,3.0,0.320983963490781,-0.8341532788255652,0.08165381606016961,-0.9061822702925811
1,4,3,2,2,4,4,4,2,4,4,3,3,2,5,2,4,6,4,2,3,6,4,3.0,3.6,3.17,4.17,1,EduYes,4.5006129195385265,20.255516651517098,False,3.0,3.6,3.1666666666666665,4.166666666666667,-0.03471743058628929,-0.6003982333197445,-1.1623243207869272,0.1738390477704133
1,2,2,1,1,2,2,6,6,6,6,6,2,6,6,2,2,6,5,5,5,5,5,1.6,5.2,4.0,5.17,1,EduYes,6.366110765097668,40.52736627349241,False,1.6,5.2,4.0,5.166666666666667,-1.2796723098560356,1.2696421307268195,-0.12567587341434677,1.0995716061101226
2,4,4,4,3,3,4,4,4,5,4,4,5,5,5,5,5,5,3,4,2,6,3,3.6,4.2,4.83,3.83,0,EduNo,3.2639032945948045,10.653064716466819,False,3.6,4.2,4.833333333333333,3.8333333333333335,0.49883466052931635,0.1008669031977171,0.910972573958233,-0.1347384716761566
1,4,4,4,4,3,5,4,4,4,4,4,3,2,4,4,4,4,2,6,5,6,6,3.8,4.2,3.5,4.83,1,EduYes,4.829198442122396,23.32115759339738,False,3.8,4.2,3.5,4.833333333333333,0.6766853575678513,0.1008669031977171,-0.7476649418378949,0.7909940866635523
2,2,4,6,5,4,2,2,4,4,2,2,3,5,4,3,4,2,5,2,4,3,4,4.2,2.8,3.5,3.33,0,EduNo,5.583612987581476,31.176733995088533,False,4.2,2.8,3.5,3.3333333333333335,1.032386751644922,-1.5354184153430268,-0.7476649418378949,-0.5976047508460113
2,4,3,1,2,5,3,5,5,3,2,5,2,2,4,5,5,5,6,2,6,2,2,3.0,3.6,3.83,3.83,0,EduNo,5.700404607958398,32.494612694433336,False,3.0,3.6,3.8333333333333335,3.8333333333333335,-0.03471743058628929,-0.6003982333197445,-0.3330055628888626,-0.1347384716761566
1,2,4,4,3,3,3,2,3,2,2,4,5,4,3,4,5,5,5,5,5,5,5,3.2,2.4,4.17,5.0,1,EduYes,3.7285187602235728,13.901852145339127,False,3.2,2.4,4.166666666666667,5.0,0.14313326645224606,-2.002928506354668,0.08165381606016961,0.9452828463868375
1,4,4,4,4,4,4,4,3,3,5,5,4,5,4,4,4,4,3,4,3,5,2,4.0,3.8,4.33,3.5,1,EduYes,3.6592932489049916,13.390427081481649,False,4.0,3.8,4.333333333333333,3.5,0.8545360546063867,-0.3666431878139243,0.2889835055346849,-0.4433159911227265
1,4,5,2,4,6,5,4,5,5,4,5,3,2,5,5,5,4,2,1,2,4,2,4.2,4.6,4.17,2.5,1,EduYes,4.416963405634495,19.509565726714275,False,4.2,4.6,4.166666666666667,2.5,1.032386751644922,0.5683769942093575,0.08165381606016961,-1.3690485494624358
1,4,3,1,1,6,5,4,6,6,5,4,3,5,5,5,6,6,4,4,4,6,6,3.0,5.2,4.67,5.0,1,EduYes,5.242052624646406,27.479115719562273,False,3.0,5.2,4.666666666666667,5.0,-0.03471743058628929,1.2696421307268195,0.7036428844837177,0.9452828463868375
1,4,2,1,2,5,3,5,6,4,5,6,2,6,6,5,5,2,2,1,6,1,2,2.8,4.6,5.0,2.33,1,EduYes,5.578566665637358,31.12040604296031,False,2.8,4.6,5.0,2.3333333333333335,-0.21256812762482463,0.5683769942093575,1.1183022634327493,-1.5233373091857205
1,3,3,2,3,3,3,4,3,3,3,6,5,5,5,5,5,4,4,2,5,2,2,2.8,3.2,5.17,3.17,1,EduYes,4.429138253891835,19.61726567208801,False,2.8,3.2,5.166666666666667,3.1666666666666665,-0.21256812762482463,-1.0679083243313854,1.3256319529072658,-0.7518935105692964
2,4,3,4,3,5,4,4,4,3,5,4,4,4,4,3,5,5,2,5,2,2,5,3.8,4.0,4.0,3.5,0,EduNo,3.800616208978777,14.444683567952213,False,3.8,4.0,4.0,3.5,0.6766853575678513,-0.13288814230810359,-0.12567587341434677,-0.4433159911227265
1,1,1,1,1,1,2,4,1,1,3,1,4,4,4,3,6,6,6,6,1,6,6,1.0,2.2,3.67,5.17,1,EduYes,6.206127177181945,38.51601453935634,False,1.0,2.2,3.6666666666666665,5.166666666666667,-1.8132244009716412,-2.2366835518604877,-0.540335252363379,1.0995716061101226
1,1,1,1,1,1,1,6,6,6,3,5,6,4,3,3,5,1,1,5,2,3,3,1.0,4.4,4.33,2.5,1,EduYes,6.937630806927678,48.130721213231986,False,1.0,4.4,4.333333333333333,2.5,-1.8132244009716412,0.3346219487035378,0.2889835055346849,-1.3690485494624358
2,4,2,2,2,6,6,5,5,5,5,5,3,4,4,4,5,5,3,2,3,4,2,3.2,5.2,4.17,3.17,0,EduNo,3.677587740645184,13.524651590143748,False,3.2,5.2,4.166666666666667,3.1666666666666665,0.14313326645224606,1.2696421307268195,0.08165381606016961,-0.7518935105692964
1,6,6,5,6,6,5,5,5,2,5,4,5,5,5,5,5,6,4,4,3,3,4,5.8,4.4,4.83,4.0,1,EduYes,5.065547412339242,25.659770586656794,False,5.8,4.4,4.833333333333333,4.0,2.455192327953203,0.3346219487035378,0.910972573958233,0.019550288047128148
1,4,4,2,4,3,3,2,5,5,4,5,2,5,5,3,6,5,3,2,4,4,3,3.4,3.8,4.33,3.5,1,EduYes,4.68998031129979,21.995915320379673,False,3.4,3.8,4.333333333333333,3.5,0.320983963490781,-0.3666431878139243,0.2889835055346849,-0.4433159911227265
2,5,4,4,4,3,6,5,2,3,5,2,4,5,2,4,3,5,5,6,2,2,5,4.0,4.2,3.33,4.17,0,EduNo,5.74608726452739,33.01751885156387,False,4.0,4.2,3.3333333333333335,4.166666666666667,0.8545360546063867,0.1008669031977171,-0.9549946313124107,0.1738390477704133
1,2,2,2,2,2,4,2,4,4,4,5,5,5,2,4,5,1,6,4,5,5,5,2.0,3.6,4.33,4.33,1,EduYes,5.218053788000453,27.228085334465874,False,2.0,3.6,4.333333333333333,4.333333333333333,-0.9239709157789653,-0.6003982333197445,0.2889835055346849,0.32812780749369763
1,4,3,2,3,4,4,4,4,4,2,3,5,5,4,5,5,5,5,4,4,5,4,3.2,3.6,4.5,4.5,1,EduYes,3.3048040499359237,10.921729808472882,False,3.2,3.6,4.5,4.5,0.14313326645224606,-0.6003982333197445,0.4963131950092013,0.4824165672169828
2,2,2,2,2,2,4,4,4,4,3,4,1,5,2,5,4,6,6,5,5,6,6,2.0,3.8,3.5,5.67,0,EduNo,3.829331353928678,14.663778618181244,False,2.0,3.8,3.5,5.666666666666667,-0.9239709157789653,-0.3666431878139243,-0.7476649418378949,1.5624378852799774
1,1,1,2,1,2,5,4,4,5,6,6,2,4,2,3,5,6,6,4,3,6,6,1.4,4.8,3.67,5.17,1,EduYes,4.523441924625409,20.461526845458827,False,1.4,4.8,3.6666666666666665,5.166666666666667,-1.457523006894571,0.8021320397151782,-0.540335252363379,1.0995716061101226
1,1,2,2,1,3,4,4,4,3,4,6,2,4,3,6,5,4,6,4,4,4,4,1.8,3.8,4.33,4.33,1,EduYes,4.29308094432329,18.430543994511748,False,1.8,3.8,4.333333333333333,4.333333333333333,-1.1018216128175005,-0.3666431878139243,0.2889835055346849,0.32812780749369763
2,5,4,2,5,5,4,5,3,5,4,3,2,4,5,2,3,4,5,1,2,5,5,4.2,4.2,3.17,3.67,0,EduNo,5.692829599548154,32.4083088494916,False,4.2,4.2,3.1666666666666665,3.6666666666666665,1.032386751644922,0.1008669031977171,-1.1623243207869272,-0.28902723139944175
2,4,4,4,2,5,6,5,4,5,6,6,6,4,6,6,6,6,5,6,2,6,4,3.8,5.2,5.67,4.83,0,EduNo,5.014193714534878,25.14213860688108,False,3.8,5.2,5.666666666666667,4.833333333333333,0.6766853575678513,1.2696421307268195,1.9476210213308138,0.7909940866635523
1,2,2,4,2,2,6,1,6,2,1,1,1,2,1,2,5,6,5,4,3,6,6,2.4,3.2,2.0,5.0,1,EduYes,6.830618928781271,46.657354950225,False,2.4,3.2,2.0,5.0,-0.5682695217018949,-1.0679083243313854,-2.613632147108539,0.9452828463868375
1,1,1,1,1,1,6,6,6,6,6,6,6,6,6,6,1,6,1,6,1,6,1,1.0,6.0,5.17,3.5,1,EduYes,8.07073443564596,65.13675433072152,True,1.0,6.0,5.166666666666667,3.5,-1.8132244009716412,2.2046623127501013,1.3256319529072658,-0.4433159911227265
1,6,1,1,1,1,6,5,1,2,5,2,1,4,2,2,6,6,6,3,5,6,5,2.0,3.8,2.83,5.17,1,EduYes,6.910661424403877,47.757241322743816,False,2.0,3.8,2.8333333333333335,5.166666666666667,-0.9239709157789653,-0.3666431878139243,-1.5769836997359588,1.0995716061101226
1,4,4,4,3,4,4,5,5,4,4,4,3,5,5,4,4,4,2,2,2,2,2,3.8,4.4,4.17,2.33,1,EduYes,2.882146422007848,8.30676799789264,False,3.8,4.4,4.166666666666667,2.3333333333333335,0.6766853575678513,0.3346219487035378,0.08165381606016961,-1.5233373091857205
2,4,2,5,2,3,5,2,5,3,4,6,1,5,5,3,4,6,6,4,4,6,6,3.2,3.8,4.0,5.33,0,EduNo,5.365106830259657,28.78437130009883,False,3.2,3.8,4.0,5.333333333333333,0.14313326645224606,-0.3666431878139243,-0.12567587341434677,1.2538603658334069
1,5,5,4,2,5,5,1,1,5,2,2,2,6,6,5,4,5,4,4,2,2,3,4.2,2.8,4.17,3.33,1,EduYes,7.318920643245436,53.56659938212419,True,4.2,2.8,4.166666666666667,3.3333333333333335,1.032386751644922,-1.5354184153430268,0.08165381606016961,-0.5976047508460113
1,2,2,2,2,4,4,4,4,3,4,3,4,1,3,3,3,4,4,2,4,4,4,2.4,3.8,2.83,3.67,1,EduYes,3.7855792857110804,14.330610528404813,False,2.4,3.8,2.8333333333333335,3.6666666666666665,-0.5682695217018949,-0.3666431878139243,-1.5769836997359588,-0.28902723139944175
2,2,2,2,2,3,6,4,4,4,6,5,2,2,2,2,2,6,5,5,5,6,5,2.2,4.8,2.5,5.33,0,EduNo,4.411817290174689,19.464131801884335,False,2.2,4.8,2.5,5.333333333333333,-0.7461202187404299,0.8021320397151782,-1.991643078684991,1.2538603658334069
1,5,2,2,2,3,5,5,5,4,4,6,6,6,6,6,6,4,5,4,5,4,4,2.8,4.6,6.0,4.33,1,EduYes,3.6535245933390876,13.348241954133545,False,2.8,4.6,6.0,4.333333333333333,-0.21256812762482463,0.5683769942093575,2.3622804002798454,0.32812780749369763
1,2,2,2,2,4,5,2,5,4,5,5,4,1,3,3,4,5,5,5,4,5,5,2.4,4.2,3.33,4.83,1,EduYes,3.9099612882642556,15.287797275725078,False,2.4,4.2,3.3333333333333335,4.833333333333333,-0.5682695217018949,0.1008669031977171,-0.9549946313124107,0.7909940866635523
1,5,5,5,5,5,3,5,2,5,4,6,6,1,6,6,4,5,3,1,1,4,1,5.0,3.8,4.83,2.5,1,EduYes,5.85779299937771,34.31373882355851,False,5.0,3.8,4.833333333333333,2.5,1.7437895397990626,-0.3666431878139243,0.910972573958233,-1.3690485494624358
1,2,2,2,2,2,6,3,5,5,5,5,3,2,5,5,5,5,5,5,4,2,5,2.0,4.8,4.17,4.33,1,EduYes,4.554470930390165,20.743205455769058,False,2.0,4.8,4.166666666666667,4.333333333333333,-0.9239709157789653,0.8021320397151782,0.08165381606016961,0.32812780749369763
2,2,2,4,2,3,4,4,4,4,4,5,1,4,5,5,5,5,5,4,4,6,4,2.6,4.0,4.17,4.67,0,EduNo,3.4776761761310366,12.09423158602939,False,2.6,4.0,4.166666666666667,4.666666666666667,-0.3904188246633596,-0.13288814230810359,0.08165381606016961,0.6367053269402679
2,4,3,2,3,2,4,6,5,3,4,6,4,4,4,5,6,6,6,5,4,5,2,2.8,4.4,4.83,4.67,0,EduNo,4.594799037159542,21.112178191882254,False,2.8,4.4,4.833333333333333,4.666666666666667,-0.21256812762482463,0.3346219487035378,0.910972573958233,0.6367053269402679
2,1,1,2,1,3,2,1,2,1,2,2,2,2,3,2,6,4,5,3,2,4,2,1.6,1.6,2.83,3.33,0,EduNo,4.7483393913880265,22.546726975807214,False,1.6,1.6,2.8333333333333335,3.3333333333333335,-1.2796723098560356,-2.9379486883779493,-1.5769836997359588,-0.5976047508460113
1,1,1,1,4,4,6,6,5,6,6,5,6,6,6,6,6,2,3,2,3,1,3,2.2,5.8,5.83,2.33,1,EduYes,5.606400811149824,31.4317300552614,False,2.2,5.8,5.833333333333333,2.3333333333333335,-0.7461202187404299,1.9709072672442807,2.154950710805329,-1.5233373091857205
2,5,5,3,5,5,2,2,5,5,5,5,2,5,5,2,6,5,4,3,4,3,3,4.6,3.8,4.17,3.67,0,EduNo,5.704025370302413,32.535905425053585,False,4.6,3.8,4.166666666666667,3.6666666666666665,1.388088145721992,-0.3666431878139243,0.08165381606016961,-0.28902723139944175
2,2,2,2,2,2,2,4,6,4,4,5,5,5,5,5,5,2,2,2,4,2,1,2.0,4.0,5.0,2.17,0,EduNo,4.3539220645064605,18.9566373437962,False,2.0,4.0,5.0,2.1666666666666665,-0.9239709157789653,-0.13288814230810359,1.1183022634327493,-1.6776260689090057
1,5,4,2,4,5,4,6,5,4,5,4,1,3,6,4,6,5,4,2,2,2,1,4.0,4.8,4.0,2.67,1,EduYes,4.712249847969735,22.20529862969079,False,4.0,4.8,4.0,2.6666666666666665,0.8545360546063867,0.8021320397151782,-0.12567587341434677,-1.214759789739151
2,1,1,4,5,5,1,2,4,1,1,2,6,5,5,6,6,1,1,1,6,1,5,3.2,1.8,5.0,2.5,0,EduNo,7.707701211018949,59.40865795834298,True,3.2,1.8,5.0,2.5,0.14313326645224606,-2.7041936428721294,1.1183022634327493,-1.3690485494624358
2,4,4,2,4,4,4,4,4,4,4,3,2,5,5,4,4,6,5,5,4,4,4,3.6,4.0,3.83,4.67,0,EduNo,3.671780678456793,13.481973350688627,False,3.6,4.0,3.8333333333333335,4.666666666666667,0.49883466052931635,-0.13288814230810359,-0.3330055628888626,0.6367053269402679
2,3,4,5,2,4,5,4,4,5,5,6,2,5,4,5,3,2,5,3,2,2,2,3.6,4.6,4.17,2.67,0,EduNo,5.671681331738039,32.16796912878578,False,3.6,4.6,4.166666666666667,2.6666666666666665,0.49883466052931635,0.5683769942093575,0.08165381606016961,-1.214759789739151
2,6,6,5,5,5,6,6,6,6,6,5,2,6,6,6,5,6,4,3,2,5,5,5.4,6.0,5.0,4.17,0,EduNo,4.499235514210847,20.243120212336144,False,5.4,6.0,5.0,4.166666666666667,2.099490933876133,2.2046623127501013,1.1183022634327493,0.1738390477704133
2,5,4,3,5,5,4,5,3,5,4,5,3,2,4,5,5,4,5,3,2,4,3,4.4,4.2,4.0,3.5,0,EduNo,3.881441329998837,15.065586798223139,False,4.4,4.2,4.0,3.5,1.2102374486834575,0.1008669031977171,-0.12567587341434677,-0.4433159911227265
2,1,3,3,3,2,3,2,2,2,2,3,3,1,1,2,3,3,6,3,1,4,1,2.4,2.2,2.17,3.0,0,EduNo,5.2597735559837915,27.665217860226377,False,2.4,2.2,2.1666666666666665,3.0,-0.5682695217018949,-2.2366835518604877,-2.4063024576340233,-0.9061822702925811
1,2,2,2,2,4,4,4,5,5,4,5,4,5,4,4,5,6,5,5,5,5,5,2.4,4.4,4.5,5.17,1,EduYes,2.5270992990129217,6.386230867071601,False,2.4,4.4,4.5,5.166666666666667,-0.5682695217018949,0.3346219487035378,0.4963131950092013,1.0995716061101226
2,5,2,2,3,4,5,5,5,4,3,4,5,2,5,5,4,2,5,4,4,3,4,3.2,4.4,4.17,3.67,0,EduNo,4.651016174573675,21.63195145614594,False,3.2,4.4,4.166666666666667,3.6666666666666665,0.14313326645224606,0.3346219487035378,0.08165381606016961,-0.28902723139944175
1,5,4,4,4,6,4,3,4,4,4,4,2,5,3,4,4,4,3,5,5,5,3,4.6,3.8,3.67,4.17,1,EduYes,4.48509821250561,20.11610597582102,False,4.6,3.8,3.6666666666666665,4.166666666666667,1.388088145721992,-0.3666431878139243,-0.540335252363379,0.1738390477704133
1,1,1,1,1,2,5,4,4,2,2,6,1,2,4,3,5,6,5,4,2,6,4,1.2,3.4,3.5,4.5,1,EduYes,4.715761725053702,22.238408647481467,False,1.2,3.4,3.5,4.5,-1.635373703933106,-0.8341532788255652,-0.7476649418378949,0.4824165672169828
2,5,4,5,2,4,5,4,6,5,4,5,4,6,6,5,6,6,6,5,6,6,6,4.0,4.8,5.33,5.83,0,EduNo,4.530322245738236,20.523819650230735,False,4.0,4.8,5.333333333333333,5.833333333333333,0.8545360546063867,0.8021320397151782,1.5329616423817811,1.7167266450032617
1,2,1,1,3,3,6,5,6,5,5,6,6,6,6,6,6,4,4,5,5,5,6,2.0,5.4,6.0,4.83,1,EduYes,4.079362475748768,16.64119820854712,False,2.0,5.4,6.0,4.833333333333333,-0.9239709157789653,1.5033971762326404,2.3622804002798454,0.7909940866635523
1,2,2,2,2,5,6,6,5,5,5,5,5,2,4,4,5,5,5,2,5,2,2,2.6,5.4,4.17,3.5,1,EduYes,4.958768045564434,24.58938052971092,False,2.6,5.4,4.166666666666667,3.5,-0.3904188246633596,1.5033971762326404,0.08165381606016961,-0.4433159911227265
1,4,3,3,3,4,5,3,5,3,4,5,2,2,3,3,4,5,5,3,5,5,3,3.4,4.0,3.17,4.33,1,EduYes,3.218188429871257,10.356736770157225,False,3.4,4.0,3.1666666666666665,4.333333333333333,0.320983963490781,-0.13288814230810359,-1.1623243207869272,0.32812780749369763
2,4,4,4,4,4,5,6,5,5,4,6,2,2,5,5,5,6,3,2,2,5,4,4.0,5.0,4.17,3.67,0,EduNo,3.7079771768892273,13.749094744331405,False,4.0,5.0,4.166666666666667,3.6666666666666665,0.8545360546063867,1.035887085220999,0.08165381606016961,-0.28902723139944175
2,4,4,5,4,4,4,4,4,4,4,5,4,3,5,4,5,5,2,4,2,3,4,4.2,4.0,4.33,3.33,0,EduNo,2.9241646061357742,8.550738643777187,False,4.2,4.0,4.333333333333333,3.3333333333333335,1.032386751644922,-0.13288814230810359,0.2889835055346849,-0.5976047508460113
1,1,1,3,2,3,5,4,5,2,2,4,4,5,4,5,6,6,6,5,5,6,6,2.0,3.6,4.67,5.67,1,EduYes,4.058442776927247,16.470957773592946,False,2.0,3.6,4.666666666666667,5.666666666666667,-0.9239709157789653,-0.6003982333197445,0.7036428844837177,1.5624378852799774
1,3,2,3,2,2,3,3,5,5,5,5,2,2,3,3,2,4,5,4,5,5,5,2.4,4.2,2.83,4.67,1,EduYes,4.249580674871735,18.058935912243314,False,2.4,4.2,2.8333333333333335,4.666666666666667,-0.5682695217018949,0.1008669031977171,-1.5769836997359588,0.6367053269402679
1,1,2,2,1,2,6,6,5,5,3,5,5,4,4,4,5,4,5,5,5,4,4,1.6,5.0,4.5,4.5,1,EduYes,4.129961143705353,17.056579048516028,False,1.6,5.0,4.5,4.5,-1.2796723098560356,1.035887085220999,0.4963131950092013,0.4824165672169828
1,5,4,5,5,2,5,5,5,5,5,5,4,2,5,5,5,5,5,2,5,5,2,4.2,5.0,4.33,4.0,1,EduYes,4.60347585414382,21.191989939685175,False,4.2,5.0,4.333333333333333,4.0,1.032386751644922,1.035887085220999,0.2889835055346849,0.019550288047128148
1,3,3,3,3,4,4,4,4,4,4,4,4,4,4,5,5,3,2,1,1,3,2,3.2,4.0,4.33,2.0,1,EduYes,2.7854623890996804,7.758800721088899,False,3.2,4.0,4.333333333333333,2.0,0.14313326645224606,-0.13288814230810359,0.2889835055346849,-1.8319148286322906
1,4,4,4,4,4,5,5,5,5,5,5,5,5,5,5,4,4,4,2,5,2,5,4.0,5.0,4.83,3.67,1,EduYes,3.276811267988118,10.737492086013896,False,4.0,5.0,4.833333333333333,3.6666666666666665,0.8545360546063867,1.035887085220999,0.910972573958233,-0.28902723139944175
2,3,3,3,3,4,3,3,3,4,2,3,2,4,4,4,4,6,5,6,4,5,5,3.2,3.0,3.5,5.17,0,EduNo,3.2014136078695534,10.24904908865235,False,3.2,3.0,3.5,5.166666666666667,0.14313326645224606,-1.301663369837206,-0.7476649418378949,1.0995716061101226
1,5,4,5,4,6,5,6,6,5,5,6,4,5,5,4,6,5,4,2,2,3,4,4.8,5.4,5.0,3.33,1,EduYes,3.6358256776977584,13.219228358606365,False,4.8,5.4,5.0,3.3333333333333335,1.5659388427605274,1.5033971762326404,1.1183022634327493,-0.5976047508460113
1,3,2,4,2,4,3,3,1,5,4,2,4,2,3,5,4,6,3,2,2,6,6,3.0,3.2,3.33,4.17,1,EduYes,6.008920473350899,36.107125255055585,False,3.0,3.2,3.3333333333333335,4.166666666666667,-0.03471743058628929,-1.0679083243313854,-0.9549946313124107,0.1738390477704133
1,2,2,2,2,2,4,4,2,2,3,3,2,2,3,3,5,6,6,6,5,5,6,2.0,3.0,3.0,5.67,1,EduYes,3.521047892634054,12.397778262222714,False,2.0,3.0,3.0,5.666666666666667,-0.9239709157789653,-1.301663369837206,-1.369654010261443,1.5624378852799774
2,4,4,4,3,5,2,2,3,3,3,4,2,2,5,5,5,6,6,6,6,6,6,4.0,2.6,3.83,6.0,0,EduNo,4.642864567869595,21.556191395578924,False,4.0,2.6,3.8333333333333335,6.0,0.8545360546063867,-1.769173460848847,-0.3330055628888626,1.8710154047265468
2,3,3,2,2,4,4,5,5,4,3,4,2,3,5,5,4,4,2,2,2,4,2,2.8,4.2,3.83,2.67,0,EduNo,3.399507041172449,11.556648122981057,False,2.8,4.2,3.8333333333333335,2.6666666666666665,-0.21256812762482463,0.1008669031977171,-0.3330055628888626,-1.214759789739151
1,5,5,4,2,2,5,4,4,3,4,5,5,2,4,6,5,4,3,4,2,3,2,3.6,4.0,4.5,3.0,1,EduYes,5.036028377524489,25.361581819231937,False,3.6,4.0,4.5,3.0,0.49883466052931635,-0.13288814230810359,0.4963131950092013,-0.9061822702925811
1,2,2,2,3,3,4,4,6,4,3,5,3,4,4,5,6,5,5,4,4,6,5,2.4,4.2,4.5,4.83,1,EduYes,2.8270040080408108,7.991951661478808,False,2.4,4.2,4.5,4.833333333333333,-0.5682695217018949,0.1008669031977171,0.4963131950092013,0.7909940866635523
1,3,3,3,3,2,4,4,4,4,4,2,2,5,2,2,5,4,5,5,5,4,5,2.8,4.0,3.0,4.67,1,EduYes,4.116996203095262,16.949657736300804,False,2.8,4.0,3.0,4.666666666666667,-0.21256812762482463,-0.13288814230810359,-1.369654010261443,0.6367053269402679
2,4,4,4,5,4,5,5,4,4,5,4,4,3,3,2,6,3,2,1,2,1,1,4.2,4.6,3.67,1.67,0,EduNo,4.205254881852557,17.684168621344764,False,4.2,4.6,3.6666666666666665,1.6666666666666667,1.032386751644922,0.5683769942093575,-0.540335252363379,-2.1404923480788605
1,2,2,3,3,1,4,5,4,4,5,5,3,4,4,5,6,5,5,2,4,6,5,2.2,4.4,4.5,4.5,1,EduYes,3.8256992325730765,14.635974618110227,False,2.2,4.4,4.5,4.5,-0.7461202187404299,0.3346219487035378,0.4963131950092013,0.4824165672169828
1,4,3,2,4,4,4,5,3,4,2,5,5,5,5,5,3,2,3,4,3,2,4,3.4,3.6,4.67,3.0,1,EduYes,4.7145277111629875,22.226771539323718,False,3.4,3.6,4.666666666666667,3.0,0.320983963490781,-0.6003982333197445,0.7036428844837177,-0.9061822702925811
2,5,4,4,3,4,5,4,5,5,5,5,6,4,5,3,5,5,5,4,4,5,5,4.0,4.8,4.67,4.67,0,EduNo,3.4295833499470065,11.762041954233732,False,4.0,4.8,4.666666666666667,4.666666666666667,0.8545360546063867,0.8021320397151782,0.7036428844837177,0.6367053269402679
2,1,1,1,2,3,5,4,5,5,5,5,4,4,3,4,6,6,5,6,5,6,5,1.6,4.8,4.33,5.5,0,EduNo,3.3923638850157447,11.508132728359117,False,1.6,4.8,4.333333333333333,5.5,-1.2796723098560356,0.8021320397151782,0.2889835055346849,1.408149125556692
1,3,3,4,4,4,4,3,4,4,4,4,2,2,5,5,5,2,2,2,2,2,2,3.6,3.8,3.83,2.0,1,EduYes,3.2814319094279516,10.767795376211973,False,3.6,3.8,3.8333333333333335,2.0,0.49883466052931635,-0.3666431878139243,-0.3330055628888626,-1.8319148286322906
2,3,3,3,3,4,5,5,5,4,4,4,4,2,4,4,4,1,2,1,4,4,3,3.2,4.6,3.67,2.5,0,EduNo,4.123512192082256,17.00335279825101,False,3.2,4.6,3.6666666666666665,2.5,0.14313326645224606,0.5683769942093575,-0.540335252363379,-1.3690485494624358
2,5,4,6,3,2,4,6,5,6,4,5,2,2,3,6,6,6,6,1,4,6,3,4.0,5.0,4.0,4.33,0,EduNo,5.83946796319739,34.09938609320868,False,4.0,5.0,4.0,4.333333333333333,0.8545360546063867,1.035887085220999,-0.12567587341434677,0.32812780749369763
1,2,2,2,2,2,4,4,3,3,3,4,3,4,4,4,3,6,4,4,4,5,5,2.0,3.4,3.67,4.67,1,EduYes,2.825996159660955,7.986254294418466,False,2.0,3.4,3.6666666666666665,4.666666666666667,-0.9239709157789653,-0.8341532788255652,-0.540335252363379,0.6367053269402679
1,4,4,4,2,2,5,5,5,5,5,6,6,6,3,5,5,5,5,4,5,5,6,3.2,5.0,5.17,5.0,1,EduYes,3.873773893306701,15.006124176464557,False,3.2,5.0,5.166666666666667,5.0,0.14313326645224606,1.035887085220999,1.3256319529072658,0.9452828463868375
2,4,3,2,2,4,5,5,5,5,3,6,1,5,6,5,5,5,1,4,3,6,5,3.0,4.6,4.67,4.0,0,EduNo,5.12961333726289,26.31293298982532,False,3.0,4.6,4.666666666666667,4.0,-0.03471743058628929,0.5683769942093575,0.7036428844837177,0.019550288047128148
1,3,2,1,2,2,5,2,4,5,4,6,1,2,2,5,5,5,3,4,4,5,4,2.0,4.0,3.5,4.17,1,EduYes,4.797466097634465,23.01568095795206,False,2.0,4.0,3.5,4.166666666666667,-0.9239709157789653,-0.13288814230810359,-0.7476649418378949,0.1738390477704133
1,1,2,4,4,1,5,1,5,2,5,5,2,1,2,5,5,4,3,1,4,5,5,2.4,3.6,3.33,3.67,1,EduYes,6.036955308881645,36.44482940143428,False,2.4,3.6,3.3333333333333335,3.6666666666666665,-0.5682695217018949,-0.6003982333197445,-0.9549946313124107,-0.28902723139944175
2,3,3,3,2,4,5,4,4,4,4,4,2,2,2,3,5,6,4,4,4,5,4,3.0,4.2,3.0,4.5,0,EduNo,2.843442790296174,8.085166901687291,False,3.0,4.2,3.0,4.5,-0.03471743058628929,0.1008669031977171,-1.369654010261443,0.4824165672169828
1,2,1,2,1,4,6,5,4,3,4,5,1,4,3,5,4,5,5,5,5,5,5,2.0,4.4,3.67,5.0,1,EduYes,3.9501969387405786,15.604055854835439,False,2.0,4.4,3.6666666666666665,5.0,-0.9239709157789653,0.3346219487035378,-0.540335252363379,0.9452828463868375
1,2,1,3,1,3,5,5,5,4,3,5,1,1,2,5,6,6,6,6,3,6,4,2.0,4.4,3.33,5.17,1,EduYes,4.769960447211105,22.752522667958363,False,2.0,4.4,3.3333333333333335,5.166666666666667,-0.9239709157789653,0.3346219487035378,-0.9549946313124107,1.0995716061101226
2,4,2,2,2,4,6,5,5,4,4,6,5,5,5,5,5,5,4,3,3,4,2,2.8,4.8,5.17,3.5,0,EduNo,3.3190876039091557,11.01634252242342,False,2.8,4.8,5.166666666666667,3.5,-0.21256812762482463,0.8021320397151782,1.3256319529072658,-0.4433159911227265
1,3,2,4,2,2,3,1,6,1,1,6,3,1,4,4,3,5,5,5,5,5,5,2.6,2.4,3.5,5.0,1,EduYes,5.941827135672884,35.30530971021862,False,2.6,2.4,3.5,5.0,-0.3904188246633596,-2.002928506354668,-0.7476649418378949,0.9452828463868375
2,1,1,1,1,1,3,4,5,4,4,4,2,1,5,5,6,6,6,6,6,6,6,1.0,4.0,3.83,6.0,0,EduNo,4.364306754524107,19.047173447584747,False,1.0,4.0,3.8333333333333335,6.0,-1.8132244009716412,-0.13288814230810359,-0.3330055628888626,1.8710154047265468
2,2,2,2,2,2,4,2,5,2,4,5,5,5,5,5,5,5,5,2,5,5,2,2.0,3.4,5.0,4.0,0,EduNo,4.519243432284537,20.423561200246926,False,2.0,3.4,5.0,4.0,-0.9239709157789653,-0.8341532788255652,1.1183022634327493,0.019550288047128148
1,1,1,1,1,2,4,5,6,4,4,5,2,2,2,5,6,6,5,6,5,5,5,1.2,4.6,3.67,5.33,1,EduYes,4.2566226208423315,18.118836136266637,False,1.2,4.6,3.6666666666666665,5.333333333333333,-1.635373703933106,0.5683769942093575,-0.540335252363379,1.2538603658334069
1,4,2,3,2,2,6,4,6,5,4,5,5,4,5,5,6,6,5,2,2,5,5,2.6,5.0,5.0,4.17,1,EduYes,4.287734282341353,18.38466527596532,False,2.6,5.0,5.0,4.166666666666667,-0.3904188246633596,1.035887085220999,1.1183022634327493,0.1738390477704133
1,6,6,6,6,6,6,5,5,5,3,5,6,6,6,6,5,4,4,2,3,4,4,6.0,4.8,5.67,3.5,1,EduYes,3.9791637478293587,15.833744132039389,False,6.0,4.8,5.666666666666667,3.5,2.6330430249917387,0.8021320397151782,1.9476210213308138,-0.4433159911227265
2,5,4,4,4,4,5,5,5,5,4,4,4,3,3,3,6,1,2,1,2,1,1,4.2,4.8,3.83,1.33,0,EduNo,3.957623360757493,15.662782665613435,False,4.2,4.8,3.8333333333333335,1.3333333333333333,1.032386751644922,0.8021320397151782,-0.3330055628888626,-2.44906986752543
1,1,1,1,1,1,5,4,4,5,5,5,5,5,5,4,5,5,3,6,3,5,5,1.0,4.6,4.83,4.5,1,EduYes,3.7546166662135207,14.097146310208332,False,1.0,4.6,4.833333333333333,4.5,-1.8132244009716412,0.5683769942093575,0.910972573958233,0.4824165672169828
2,5,5,6,5,5,5,5,5,4,4,5,4,4,4,4,5,2,2,1,2,1,2,5.2,4.6,4.33,1.67,0,EduNo,3.21618923267692,10.343873180386955,False,5.2,4.6,4.333333333333333,1.6666666666666667,1.921640236837598,0.5683769942093575,0.2889835055346849,-2.1404923480788605
2,5,6,5,4,5,4,4,5,4,4,4,4,4,4,4,5,1,2,2,2,1,1,5.0,4.2,4.17,1.5,0,EduNo,3.8016081313004504,14.452224383969703,False,5.0,4.2,4.166666666666667,1.5,1.7437895397990626,0.1008669031977171,0.08165381606016961,-2.2947811078021454
2,6,5,5,5,6,4,4,5,4,4,5,5,4,4,4,4,1,1,2,3,1,5,5.4,4.2,4.33,2.17,0,EduNo,4.29458551048916,18.443464706903438,False,5.4,4.2,4.333333333333333,2.1666666666666665,2.099490933876133,0.1008669031977171,0.2889835055346849,-1.6776260689090057
2,6,5,4,5,6,6,6,6,4,4,5,5,6,6,4,5,1,1,2,2,1,2,5.2,5.2,5.17,1.5,0,EduNo,4.249906363255636,18.06170409644075,False,5.2,5.2,5.166666666666667,1.5,1.921640236837598,1.2696421307268195,1.3256319529072658,-2.2947811078021454
2,6,5,5,5,5,6,4,5,5,4,4,4,5,4,6,6,1,2,1,1,2,1,5.2,4.8,4.83,1.33,0,EduNo,4.376745976580695,19.155905343515304,False,5.2,4.8,4.833333333333333,1.3333333333333333,1.921640236837598,0.8021320397151782,0.910972573958233,-2.44906986752543
2,5,5,5,5,5,5,4,4,5,4,4,5,4,4,4,4,1,1,1,1,2,5,5.0,4.4,4.17,1.83,0,EduNo,4.460118554740365,19.892657522339285,False,5.0,4.4,4.166666666666667,1.8333333333333333,1.7437895397990626,0.3346219487035378,0.08165381606016961,-1.9862035883555753
1,2,2,2,2,2,6,5,5,4,3,6,4,4,2,3,6,6,5,4,5,5,5,2.0,4.6,4.17,5.0,1,EduYes,4.019328193653375,16.1549991282969,False,2.0,4.6,4.166666666666667,5.0,-0.9239709157789653,0.5683769942093575,0.08165381606016961,0.9452828463868375
1,4,4,4,4,4,5,5,5,5,4,5,3,3,3,3,5,5,3,3,3,5,3,4.0,4.8,3.67,3.67,1,EduYes,2.7462938687166503,7.542130013350666,False,4.0,4.8,3.6666666666666665,3.6666666666666665,0.8545360546063867,0.8021320397151782,-0.540335252363379,-0.28902723139944175
2,2,2,2,2,3,4,3,5,3,3,5,2,4,5,5,5,5,5,4,5,5,5,2.2,3.6,4.33,4.83,0,EduNo,2.32079706813438,5.386099031461135,False,2.2,3.6,4.333333333333333,4.833333333333333,-0.7461202187404299,-0.6003982333197445,0.2889835055346849,0.7909940866635523
1,4,4,4,4,4,5,6,4,4,4,2,4,4,3,3,4,4,2,1,1,5,1,4.0,4.6,3.33,2.33,1,EduYes,4.565058629365517,20.839760289544568,False,4.0,4.6,3.3333333333333335,2.3333333333333335,0.8545360546063867,0.5683769942093575,-0.9549946313124107,-1.5233373091857205
1,5,6,6,6,6,6,6,6,6,6,4,1,2,2,1,5,4,5,1,1,4,4,5.8,6.0,2.5,3.17,1,EduYes,6.025800057611334,36.31026633430875,False,5.8,6.0,2.5,3.1666666666666665,2.455192327953203,2.2046623127501013,-1.991643078684991,-0.7518935105692964
2,4,4,4,4,2,6,4,5,5,4,6,5,5,5,5,5,5,5,4,3,5,3,3.6,4.8,5.17,4.17,0,EduNo,3.494316133369843,12.21024523992877,False,3.6,4.8,5.166666666666667,4.166666666666667,0.49883466052931635,0.8021320397151782,1.3256319529072658,0.1738390477704133
2,5,5,5,6,5,5,6,5,5,5,5,5,5,6,5,5,1,1,1,2,1,1,5.2,5.2,5.17,1.17,0,EduNo,3.5051035338090455,12.285750782720658,False,5.2,5.2,5.166666666666667,1.1666666666666667,1.921640236837598,1.2696421307268195,1.3256319529072658,-2.6033586272487153
2,5,5,5,6,5,4,4,4,4,4,5,4,4,5,5,5,1,2,2,2,1,2,5.2,4.0,4.67,1.67,0,EduNo,3.319311242557116,11.017827124966066,False,5.2,4.0,4.666666666666667,1.6666666666666667,1.921640236837598,-0.13288814230810359,0.7036428844837177,-2.1404923480788605
2,6,6,5,5,5,6,5,5,5,5,4,4,5,5,6,4,1,2,1,1,1,1,5.4,5.2,4.67,1.17,0,EduNo,4.100053229108099,16.810436481519748,False,5.4,5.2,4.666666666666667,1.1666666666666667,2.099490933876133,1.2696421307268195,0.7036428844837177,-2.6033586272487153
2,6,5,5,4,5,5,5,5,3,3,3,4,3,4,4,4,1,1,1,1,1,1,5.0,4.2,3.67,1.0,0,EduNo,4.3228056391480205,18.686648593849927,False,5.0,4.2,3.6666666666666665,1.0,1.7437895397990626,0.1008669031977171,-0.540335252363379,-2.7576473869719997
2,4,4,3,4,4,6,5,5,5,5,5,4,4,4,4,4,5,4,4,3,5,4,3.8,5.2,4.17,4.17,0,EduNo,2.49117671406742,6.205961420711748,False,3.8,5.2,4.166666666666667,4.166666666666667,0.6766853575678513,1.2696421307268195,0.08165381606016961,0.1738390477704133
2,6,5,5,6,5,4,5,6,5,5,6,5,4,5,5,6,1,2,2,1,1,1,5.4,5.0,5.17,1.33,0,EduNo,3.9754516690761057,15.804215973159994,False,5.4,5.0,5.166666666666667,1.3333333333333333,2.099490933876133,1.035887085220999,1.3256319529072658,-2.44906986752543
2,5,5,5,6,5,5,5,5,4,4,5,4,5,5,5,5,1,2,5,2,2,2,5.2,4.6,4.83,2.33,0,EduNo,4.321174049598198,18.672545166920887,False,5.2,4.6,4.833333333333333,2.3333333333333335,1.921640236837598,0.5683769942093575,0.910972573958233,-1.5233373091857205
1,4,4,4,4,4,4,4,4,4,4,4,5,5,6,6,6,6,5,5,3,6,5,4.0,4.0,5.33,5.0,1,EduYes,3.2568993101498984,10.607393116454885,False,4.0,4.0,5.333333333333333,5.0,0.8545360546063867,-0.13288814230810359,1.5329616423817811,0.9452828463868375
2,4,4,4,4,2,4,5,4,5,4,5,2,5,5,5,5,4,2,2,5,4,3,3.6,4.4,4.5,3.33,0,EduNo,4.072694956496979,16.586844208675927,False,3.6,4.4,4.5,3.3333333333333335,0.49883466052931635,0.3346219487035378,0.4963131950092013,-0.5976047508460113
2,2,3,3,3,3,4,4,4,4,4,2,2,5,4,5,5,4,4,2,3,4,3,2.8,4.0,3.83,3.33,0,EduNo,3.618334127475581,13.092341858054475,False,2.8,4.0,3.8333333333333335,3.3333333333333335,-0.21256812762482463,-0.13288814230810359,-0.3330055628888626,-0.5976047508460113
2,2,2,2,2,2,3,4,5,5,3,4,2,1,6,1,5,1,1,6,1,1,1,2.0,4.0,3.17,1.83,0,EduNo,6.6038397784473295,43.61069981940327,False,2.0,4.0,3.1666666666666665,1.8333333333333333,-0.9239709157789653,-0.13288814230810359,-1.1623243207869272,-1.9862035883555753
1,4,4,4,3,4,4,4,4,4,3,3,2,2,5,4,4,6,4,5,2,2,5,3.8,3.8,3.33,4.0,1,EduYes,4.210323885826473,17.726827223560935,False,3.8,3.8,3.3333333333333335,4.0,0.6766853575678513,-0.3666431878139243,-0.9549946313124107,0.019550288047128148
2,3,4,4,5,5,4,3,4,4,4,4,3,4,5,4,4,4,3,3,4,4,3,4.2,3.8,4.0,3.5,0,EduNo,2.8249716429088467,7.980464783239109,False,4.2,3.8,4.0,3.5,1.032386751644922,-0.3666431878139243,-0.12567587341434677,-0.4433159911227265
2,3,2,2,2,2,3,2,4,4,2,5,1,1,2,3,4,6,6,6,6,6,6,2.2,3.0,2.67,6.0,0,EduNo,3.9937929251012294,15.950381928588634,False,2.2,3.0,2.6666666666666665,6.0,-0.7461202187404299,-1.301663369837206,-1.7843133892104752,1.8710154047265468
2,4,2,3,3,4,4,5,4,4,5,3,1,5,6,4,4,5,4,5,2,5,5,3.2,4.4,3.83,4.33,0,EduNo,4.302195995695483,18.508890385378248,False,3.2,4.4,3.8333333333333335,4.333333333333333,0.14313326645224606,0.3346219487035378,-0.3330055628888626,0.32812780749369763
1,2,2,2,2,2,4,4,5,3,5,6,3,3,5,5,6,6,5,4,6,5,5,2.0,4.2,4.67,5.17,1,EduYes,3.3191024906996356,11.016441343768525,False,2.0,4.2,4.666666666666667,5.166666666666667,-0.9239709157789653,0.1008669031977171,0.7036428844837177,1.0995716061101226
2,6,6,6,3,3,6,6,6,6,4,4,4,4,4,4,4,5,4,4,4,3,4,4.8,5.6,4.0,4.0,0,EduNo,5.03868456082048,25.38834210345067,False,4.8,5.6,4.0,4.0,1.5659388427605274,1.7371522217384598,-0.12567587341434677,0.019550288047128148
1,4,4,3,3,4,5,2,4,4,5,5,4,4,3,5,5,6,5,2,2,5,5,3.6,4.0,4.33,4.17,1,EduYes,4.3993694708015045,19.35445174062031,False,3.6,4.0,4.333333333333333,4.166666666666667,0.49883466052931635,-0.13288814230810359,0.2889835055346849,0.1738390477704133
1,5,1,1,1,3,6,3,5,5,5,5,4,5,5,5,6,4,5,4,5,2,5,2.2,4.8,5.0,4.17,1,EduYes,4.889806673550992,23.910209304703816,False,2.2,4.8,5.0,4.166666666666667,-0.7461202187404299,0.8021320397151782,1.1183022634327493,0.1738390477704133
2,5,2,2,5,5,5,5,2,2,5,4,4,4,4,5,5,5,5,2,5,5,5,3.8,3.8,4.33,4.5,0,EduNo,5.257778592670561,27.64423572954482,False,3.8,3.8,4.333333333333333,4.5,0.6766853575678513,-0.3666431878139243,0.2889835055346849,0.4824165672169828
2,5,5,2,5,2,5,2,5,2,5,5,5,5,5,5,5,2,2,5,2,2,5,3.8,3.8,5.0,3.0,0,EduNo,6.283087774271103,39.477191979195005,False,3.8,3.8,5.0,3.0,0.6766853575678513,-0.3666431878139243,1.1183022634327493,-0.9061822702925811
2,5,4,5,5,5,5,5,5,4,5,6,6,5,5,5,5,5,5,5,5,3,5,4.8,4.8,5.33,4.67,0,EduNo,3.695102181289598,13.653780130171144,False,4.8,4.8,5.333333333333333,4.666666666666667,1.5659388427605274,0.8021320397151782,1.5329616423817811,0.6367053269402679
2,2,2,4,4,4,6,5,5,3,4,3,5,4,4,5,6,6,5,3,4,5,5,3.2,4.6,4.5,4.67,0,EduNo,4.397643649154575,19.339269664949565,False,3.2,4.6,4.5,4.666666666666667,0.14313326645224606,0.5683769942093575,0.4963131950092013,0.6367053269402679
2,2,2,2,2,5,2,5,6,5,3,5,4,4,5,5,5,4,6,4,3,5,5,2.6,4.2,4.67,4.5,0,EduNo,4.4743319189791695,20.019646121195816,False,2.6,4.2,4.666666666666667,4.5,-0.3904188246633596,0.1008669031977171,0.7036428844837177,0.4824165672169828
2,2,3,4,2,4,3,4,4,4,4,5,2,2,3,3,3,5,4,4,4,5,5,3.0,3.8,3.0,4.5,0,EduNo,3.46979998115656,12.039511909234065,False,3.0,3.8,3.0,4.5,-0.03471743058628929,-0.3666431878139243,-1.369654010261443,0.4824165672169828
2,5,5,5,5,5,5,5,5,5,5,4,5,5,5,3,5,4,5,4,5,3,4,5.0,5.0,4.5,4.17,0,EduNo,3.6727944786922913,13.48941928271258,False,5.0,5.0,4.5,4.166666666666667,1.7437895397990626,1.035887085220999,0.4963131950092013,0.1738390477704133
1,1,2,2,2,4,6,5,6,4,2,4,4,4,4,4,6,5,6,1,5,6,5,2.2,4.6,4.33,4.67,1,EduYes,4.829079264786403,23.320006545589983,False,2.2,4.6,4.333333333333333,4.666666666666667,-0.7461202187404299,0.5683769942093575,0.2889835055346849,0.6367053269402679
1,4,2,3,3,4,5,5,3,2,2,2,1,4,5,4,5,4,4,2,3,2,3,3.2,3.4,3.5,3.0,1,EduYes,4.500757889175909,20.256821576979185,False,3.2,3.4,3.5,3.0,0.14313326645224606,-0.8341532788255652,-0.7476649418378949,-0.9061822702925811
2,3,3,3,2,2,4,3,5,4,2,5,2,3,4,3,5,6,5,6,3,5,4,2.6,3.6,3.67,4.83,0,EduNo,3.4993757207296903,12.245630434832439,False,2.6,3.6,3.6666666666666665,4.833333333333333,-0.3904188246633596,-0.6003982333197445,-0.540335252363379,0.7909940866635523
2,4,2,4,4,4,5,3,5,4,4,5,3,5,5,3,6,4,2,6,4,3,5,3.6,4.2,4.5,4.0,0,EduNo,4.558966787595014,20.7841781703944,False,3.6,4.2,4.5,4.0,0.49883466052931635,0.1008669031977171,0.4963131950092013,0.019550288047128148
2,4,4,3,4,4,5,5,5,5,4,4,4,3,5,4,4,3,3,2,2,2,3,3.8,4.8,4.0,2.5,0,EduNo,2.711935573708527,7.354594555945797,False,3.8,4.8,4.0,2.5,0.6766853575678513,0.8021320397151782,-0.12567587341434677,-1.3690485494624358
1,2,1,1,1,1,1,1,1,1,1,1,1,1,1,1,1,6,1,6,4,1,3,1.2,1.0,1.0,3.5,1,EduYes,7.291186840408648,53.161405541748245,True,1.2,1.0,1.0,3.5,-1.635373703933106,-3.639213824895411,-3.857610283955635,-0.4433159911227265
1,6,1,4,2,4,4,6,6,4,4,6,3,2,5,5,5,5,2,2,2,1,2,3.4,4.8,4.33,2.33,1,EduYes,6.101645976758843,37.230083625697375,False,3.4,4.8,4.333333333333333,2.3333333333333335,0.320983963490781,0.8021320397151782,0.2889835055346849,-1.5233373091857205
1,3,2,2,2,4,4,4,5,3,3,5,1,6,5,2,5,4,5,4,3,4,3,2.6,3.8,4.0,3.83,1,EduYes,4.042130046793331,16.338815315189457,False,2.6,3.8,4.0,3.8333333333333335,-0.3904188246633596,-0.3666431878139243,-0.12567587341434677,-0.1347384716761566
2,1,3,2,2,5,2,4,6,3,2,6,3,3,2,6,5,4,3,2,5,5,4,2.6,3.4,4.17,3.83,0,EduNo,5.55838621919478,30.895657361734443,False,2.6,3.4,4.166666666666667,3.8333333333333335,-0.3904188246633596,-0.8341532788255652,0.08165381606016961,-0.1347384716761566
2,5,5,5,5,2,5,5,4,3,5,4,5,4,4,5,5,4,2,4,3,2,6,4.4,4.4,4.5,3.5,0,EduNo,4.735452298553117,22.424508471872,False,4.4,4.4,4.5,3.5,1.2102374486834575,0.3346219487035378,0.4963131950092013,-0.4433159911227265
1,5,5,4,5,5,3,5,5,5,5,5,5,5,5,5,4,5,5,3,5,3,5,4.8,4.6,4.83,4.33,1,EduYes,3.8470485730478385,14.799782723389411,False,4.8,4.6,4.833333333333333,4.333333333333333,1.5659388427605274,0.5683769942093575,0.910972573958233,0.32812780749369763
1,3,2,2,4,4,6,4,4,3,5,5,2,1,3,2,4,5,5,2,2,4,3,3.0,4.4,2.83,3.5,1,EduYes,4.397188951330927,19.335270673706777,False,3.0,4.4,2.8333333333333335,3.5,-0.03471743058628929,0.3346219487035378,-1.5769836997359588,-0.4433159911227265
1,1,1,2,2,2,5,4,2,2,5,2,2,2,2,2,5,5,2,2,5,3,2,1.6,3.6,2.5,3.17,1,EduYes,5.305845604567837,28.15199757951184,False,1.6,3.6,2.5,3.1666666666666665,-1.2796723098560356,-0.6003982333197445,-1.991643078684991,-0.7518935105692964
1,2,4,2,2,3,5,4,5,2,5,5,2,2,5,4,4,2,1,2,5,5,6,2.6,4.2,3.67,3.5,1,EduYes,6.64703369567668,44.18305695146118,False,2.6,4.2,3.6666666666666665,3.5,-0.3904188246633596,0.1008669031977171,-0.540335252363379,-0.4433159911227265
1,6,5,5,5,5,5,5,5,5,5,5,3,4,4,3,5,5,2,2,2,5,2,5.2,5.0,4.0,3.0,1,EduYes,3.714031643285943,13.794031047329282,False,5.2,5.0,4.0,3.0,1.921640236837598,1.035887085220999,-0.12567587341434677,-0.9061822702925811
1,2,2,2,2,2,5,5,5,5,5,5,4,4,5,4,5,5,5,6,5,5,5,2.0,5.0,4.5,5.17,1,EduYes,2.630217994230483,6.918046697173824,False,2.0,5.0,4.5,5.166666666666667,-0.9239709157789653,1.035887085220999,0.4963131950092013,1.0995716061101226
2,4,2,2,2,5,5,5,5,5,5,5,4,2,5,2,5,4,2,1,2,2,2,3.0,5.0,3.83,2.17,0,EduNo,4.470190811891091,19.98260589471553,False,3.0,5.0,3.8333333333333335,2.1666666666666665,-0.03471743058628929,1.035887085220999,-0.3330055628888626,-1.6776260689090057
2,2,2,2,2,2,4,2,4,5,5,5,5,5,5,5,5,6,1,5,2,6,5,2.0,4.0,5.0,4.17,0,EduNo,4.850621571956857,23.528529634333214,False,2.0,4.0,5.0,4.166666666666667,-0.9239709157789653,-0.13288814230810359,1.1183022634327493,0.1738390477704133
1,3,4,1,1,1,2,3,1,3,1,4,6,4,4,4,4,5,6,2,5,5,5,2.0,2.0,4.33,4.67,1,EduYes,6.237851412607324,38.91079024576719,False,2.0,2.0,4.333333333333333,4.666666666666667,-0.9239709157789653,-2.4704385973663086,0.2889835055346849,0.6367053269402679
1,5,2,4,3,6,4,3,1,1,3,6,6,4,4,4,3,6,5,6,6,6,6,4.0,2.4,4.5,5.83,1,EduYes,6.97023605451775,48.584190655699174,True,4.0,2.4,4.5,5.833333333333333,0.8545360546063867,-2.002928506354668,0.4963131950092013,1.7167266450032617
2,5,3,3,1,1,2,4,3,3,6,5,3,1,2,2,4,5,4,5,2,1,5,2.6,3.6,2.83,3.67,0,EduNo,6.08320299091136,37.00535862863292,False,2.6,3.6,2.8333333333333335,3.6666666666666665,-0.3904188246633596,-0.6003982333197445,-1.5769836997359588,-0.28902723139944175
1,3,4,3,2,3,5,5,4,4,4,4,1,5,5,5,4,1,1,1,1,1,1,3.0,4.4,4.0,1.0,1,EduYes,4.98684811294181,24.86865410155129,False,3.0,4.4,4.0,1.0,-0.03471743058628929,0.3346219487035378,-0.12567587341434677,-2.7576473869719997
1,6,2,2,2,2,5,5,5,5,5,5,5,5,3,4,6,4,3,4,2,5,3,2.8,5.0,4.67,3.5,1,EduYes,4.759228986269871,22.650260543751347,False,2.8,5.0,4.666666666666667,3.5,-0.21256812762482463,1.035887085220999,0.7036428844837177,-0.4433159911227265
